checkpoint,item,trial,seed,instruction,grasp,placement,start_x,start_y,start_z,final_x,final_y,final_z,basket_x,basket_y,basket_z,max_lift,reached_lateral_y,joint_config_at_grasp
005000,cola_can,0,5000,take the can of cola and drop it in the basket,1,1,0.8727738124070996,-0.11481010011971403,1.060294164090919,0.16980732440568944,0.05796177682031856,0.5028208031085288,0.23995195107345949,7.857063672973423e-06,0.47,0.12878488749048356,-0.1356495052068744,2.8078 -1.1485 1.4016 -1.8175 -1.5712 -1.8218
005000,cola_can,1,5001,pick up the can of cola and place it in the basket,0,0,0.8935688661522325,-0.15172020205256764,1.0602941641089438,0.9034150969981484,-0.1964795169434663,1.0619203635797532,0.2399522266045138,-7.762393294148082e-07,0.47,0.005778171909463836,-0.11661891802442881,2.8273 -1.1601 1.3887 -1.7900 -1.5736 -1.7875
005000,cola_can,2,5002,collect the can of cola and place it in the basket,1,1,0.8933249712031013,-0.14197897758312436,1.0602941641089438,0.2127681279483651,0.023623769434465963,0.5183311396856513,0.2399522266045138,-7.762393294148082e-07,0.47,0.11811773794017344,-0.14342412700529972,2.8029 -1.1267 1.3558 -1.7808 -1.5716 -1.8210
005000,cola_can,3,5003,grab the can of cola and put it in the basket,1,1,0.8614742788450557,-0.12981086907860673,1.0602941640904724,0.22618169406687896,0.028492014184069686,0.5183263557633772,0.2399522266045138,-7.762393294148082e-07,0.47,0.09192975073326615,-0.13482457917564228,2.8042 -1.1549 1.4101 -1.8392 -1.5732 -1.8401
005000,cola_can,4,5004,pick up the can of cola and place it in the basket,0,0,0.8787883014192989,-0.14717012540773833,1.0602941640911567,0.5389029630199094,-0.45716214889143897,0.024763691875796023,0.2399522266045138,-7.762393294148082e-07,0.47,0.0200754141124444,-0.12556644587016336,2.8090 -1.1927 1.4202 -1.7549 -1.5718 -1.8148
005000,cola_can,5,5005,collect the can of cola and place it in the basket,1,1,0.8815602691107215,-0.14210550814436806,1.0602941640912664,0.22439065945672343,0.002167933597903859,0.5183315416274589,0.2399522266045138,-7.762393294148082e-07,0.47,0.10491545910867006,-0.11600775444290314,2.8213 -1.1897 1.4306 -1.8064 -1.5697 -1.8004
005000,cola_can,6,5006,grab the can of cola and put it in the basket,1,1,0.8773687233434786,-0.13031750904484266,1.0602941640911006,0.19160829550567376,0.001723641585447795,0.5027968577410653,0.2399522266045138,-7.762393294148082e-07,0.47,0.14634197102850766,-0.1172145063840708,2.8161 -1.1703 1.4361 -1.8400 -1.5687 -1.7877
005000,cola_can,7,5007,put the can of cola into the basket,0,0,0.8550388896507713,-0.1492094480229422,1.060294164090218,0.6492350698052273,-0.09607425737725694,0.02469149959749594,0.2399522266045138,-7.762393294148082e-07,0.47,0.007178932409888095,-0.11896630595740493,2.8274 -1.1320 1.4168 -1.8540 -1.5732 -1.7333
005000,cola_can,8,5008,collect the can of cola and place it in the basket,1,1,0.8647520937799271,-0.11774549312752046,1.0602941640906018,0.22140682173361986,0.06987171686053678,0.5169799061621686,0.2399522266045138,-7.762393294148082e-07,0.47,0.12806404517022063,-0.1358077813935258,2.7995 -1.1920 1.4653 -1.8626 -1.5729 -1.7850
005000,cola_can,9,5009,take the can of cola and drop it in the basket,1,1,0.8886171223688927,-0.1237846819787691,1.0602941640915455,0.1647675029185246,0.04028240085811293,0.5027224684789771,0.2399522266045138,-7.762393294148082e-07,0.47,0.11840554663929415,-0.12753860164640324,2.8190 -1.1488 1.4152 -1.8689 -1.5703 -1.7713
005000,cola_can,10,5010,grab the can of cola and put it in the basket,1,0,0.8556445982204492,-0.11790554264102862,1.060294164090242,0.1577002159050406,0.0815648869579749,0.5226536011096976,0.2399522266045138,-7.762393294148082e-07,0.47,0.11940553150241429,-0.1467044580162732,2.7958 -1.1742 1.4307 -1.8489 -1.5730 -1.7372
005000,cola_can,11,5011,pick up the can of cola and place it in the basket,1,0,0.8716112802072584,-0.12977032110124845,1.0602941640908732,0.12815680109105654,0.03392166638734738,0.5067253861925977,0.2399522266045138,-7.762393294148082e-07,0.47,0.11141456928104354,-0.13817319585821577,2.8135 -1.1445 1.3894 -1.8371 -1.5722 -1.7824
005000,cola_can,12,5012,grab the can of cola and put it in the basket,1,1,0.9041519758196553,-0.14221689425252998,1.0602941640921595,0.23562520557460015,0.010013992359901514,0.518323212249857,0.2399522266045138,-7.762393294148082e-07,0.47,0.09691118264123788,-0.14966265717368818,2.8018 -1.1795 1.4009 -1.8742 -1.5763 -1.7965
005000,cola_can,13,5013,grab the can of cola and put it in the basket,1,0,0.8920712235771041,-0.14066920559388682,1.0602941640916819,0.20927659467233156,0.09394838316921197,0.518059815189817,0.2399522266045138,-7.762393294148082e-07,0.47,0.11578230774832377,-0.13299690129917643,2.7961 -1.1631 1.4150 -1.8221 -1.5711 -1.7545
005000,cola_can,14,5014,take the can of cola and drop it in the basket,1,1,0.89349269966227,-0.12240391507752833,1.060294164091738,0.21668673896736804,0.03333192107432852,0.5027974790550446,0.2399522266045138,-7.762393294148082e-07,0.47,0.10476488013852614,-0.13431866972876927,2.8049 -1.1962 1.4258 -1.8263 -1.5707 -1.8142
005000,cola_can,15,5015,pick the can of cola off the shelf and put it in the basket,1,1,0.8566199652897468,-0.14318110407915663,1.0602941640902805,0.18726812363420925,0.013495977513328147,0.5183064721830177,0.2399522266045138,-7.762393294148082e-07,0.47,0.11067114195841898,-0.13061248164965775,2.8049 -1.1851 1.4423 -1.8095 -1.5717 -1.8010
005000,cola_can,16,5016,collect the can of cola and place it in the basket,0,0,0.9028063486567656,-0.14133387680721482,1.0602941640921062,0.9118854590509606,-0.1401177491058274,1.060330689208262,0.2399522266045138,-7.762393294148082e-07,0.47,0.004498135402952297,-0.15854882119638514,2.7731 -1.1838 1.3927 -1.8368 -1.5707 -1.7886
005000,cola_can,17,5017,pick up the can of cola and place it in the basket,1,1,0.8964211806274422,-0.12625913184276777,1.0602941641089438,0.20267337333279686,0.07130488052699302,0.5125213225172807,0.2399522266045138,-7.762393294148082e-07,0.47,0.0892418301886333,-0.11886851707892357,2.8281 -1.1778 1.3776 -1.7948 -1.5712 -1.7748
005000,cola_can,18,5018,take the can of cola and drop it in the basket,1,1,0.8739996439035349,-0.11272133313244939,1.0602941640909676,0.1504171474947809,0.027503532810558916,0.5057246483188981,0.2399522266045138,-7.762393294148082e-07,0.47,0.12141502646392577,-0.1361870884586792,2.8086 -1.1444 1.3815 -1.7983 -1.5696 -1.7714
005000,cola_can,19,5019,grab the can of cola and put it in the basket,1,1,0.8643749467961824,-0.14175106156628423,1.0602941640905872,0.23717852216617455,-0.0007652476194004991,0.5183052493617233,0.2399522266045138,-7.762393294148082e-07,0.47,0.09257877619423605,-0.128736419090585,2.8092 -1.1828 1.4626 -1.8706 -1.5729 -1.7739
005000,water_bottle,0,6000,collect the water bottle and place it in the basket,0,0,0.9041209054391616,0.3389401102410776,1.0848438660151656,0.972434559227578,0.4129677515389058,1.0456649820833712,0.2399522266045138,-7.762393294148095e-07,0.47,0.006241693496548351,0.3117403379326775,3.2892 -1.0559 1.1578 -1.6389 -1.5702 -1.3112
005000,water_bottle,1,6001,pick the water bottle off the shelf and put it in the basket,1,1,0.893575842399691,0.339413724217704,1.0848438660151656,0.3293142840308843,-0.05220899223981409,0.5411955115097403,0.2399522266045138,-7.762393294148095e-07,0.47,0.09997409488816889,0.3185406904365278,3.3025 -1.0619 1.1859 -1.6280 -1.5719 -1.2541
005000,water_bottle,2,6002,put the water bottle into the basket,1,1,0.8755756761160525,0.3302752553011226,1.0848438660151656,0.2597839276573108,0.07698704643672234,0.5428949137753395,0.2399522266045138,-7.762393294148095e-07,0.47,0.12546097687853952,0.3237311185861521,3.3040 -1.0578 1.2146 -1.6524 -1.5690 -1.2936
005000,water_bottle,3,6003,take the water bottle and drop it in the basket,1,1,0.884483793819224,0.3471443325477995,1.0848438660151656,0.29582940501421845,0.056437155957177555,0.5428729889750517,0.2399522266045138,-7.762393294148095e-07,0.47,0.11275039297770673,0.329894725335211,3.3130 -1.0732 1.1726 -1.6101 -1.5707 -1.2737
005000,water_bottle,4,6004,pick the water bottle off the shelf and put it in the basket,0,0,0.867075690401742,0.3339849360086041,1.0848438660151656,0.9020546703239977,0.4236363976095471,1.0456632778546493,0.2399522266045138,-7.762393294148095e-07,0.47,0.006324907785932421,0.31298256681204784,3.2941 -1.0699 1.2076 -1.6537 -1.5702 -1.3063
005000,water_bottle,5,6005,grab the water bottle and put it in the basket,0,0,0.8595303079147457,0.35441781387103555,1.0848438660151656,0.8555484645767686,0.45329311278029233,1.045660540091105,0.2399522266045138,-7.762393294148095e-07,0.47,0.005907202325572847,0.3121627890242916,3.2907 -1.0388 1.1698 -1.6912 -1.5734 -1.2917
005000,water_bottle,6,6006,pick the water bottle off the shelf and put it in the basket,0,0,0.9041914958377107,0.35793900924218314,1.0848438660151656,0.8429498338245011,0.435406355994823,1.045657524619939,0.2399522266045138,-7.762393294148095e-07,0.47,0.0049323067224245065,0.34203486399079475,3.3297 -1.0898 1.1591 -1.5894 -1.5703 -1.2638
005000,water_bottle,7,6007,grab the water bottle and put it in the basket,0,0,0.8738191181878247,0.3449414619050775,1.0848438660151656,0.8609159243289205,0.39093271199597,1.0871893062332663,0.2399522266045138,-7.762393294148095e-07,0.47,0.005314739117795675,0.30798734919949433,3.2853 -1.0427 1.1371 -1.6184 -1.5728 -1.2999
005000,water_bottle,8,6008,grab the water bottle and put it in the basket,0,0,0.8625992472211589,0.34621914841878226,1.0848438660151656,0.941934570325318,0.41205370983525824,1.0456562881123972,0.2399522266045138,-7.762393294148095e-07,0.47,0.005434362550884808,0.307082927980694,3.2867 -1.0464 1.1562 -1.6188 -1.5730 -1.2806
005000,water_bottle,9,6009,grab the water bottle and put it in the basket,0,0,0.881679584516237,0.3391687052154724,1.0848438660151656,0.9597559126164501,0.408804124072775,1.0456564044657672,0.2399522266045138,-7.762393294148095e-07,0.47,0.005425481891971451,0.31529711469869404,3.2934 -1.0502 1.1648 -1.6342 -1.5698 -1.3022
005000,water_bottle,10,6010,pick the water bottle off the shelf and put it in the basket,0,0,0.8965540359709412,0.3617408655149852,1.0848438660151656,0.8426733525315746,0.448435826384558,1.0456572281091745,0.2399522266045138,-7.762393294148095e-07,0.47,0.006287169579920482,0.3244405803545528,3.3069 -1.0843 1.2125 -1.6130 -1.5691 -1.2834
005000,water_bottle,11,6011,put the water bottle into the basket,1,1,0.8835126500383532,0.33598051451179317,1.0848438660151656,0.23104757544698576,0.036815860692045836,0.5036583527419425,0.2399522266045138,-7.762393294148095e-07,0.47,0.09987404121071708,0.31290656683201284,3.2955 -1.0838 1.2181 -1.6512 -1.5715 -1.3274
005000,water_bottle,12,6012,put the water bottle into the basket,1,1,0.888906362299204,0.3329100901791109,1.0848438660151656,0.175713435851273,0.06263922621179806,0.5456861205129583,0.2399522266045138,-7.762393294148095e-07,0.47,0.10696438278884224,0.31989677871357836,3.2998 -1.0497 1.1143 -1.6268 -1.5734 -1.3059
005000,water_bottle,13,6013,put the water bottle into the basket,0,0,0.8936163278055489,0.3579298587990566,1.0848438660151656,0.8601710062684053,0.44347937200608345,1.0456670173414606,0.2399522266045138,-7.762393294148095e-07,0.47,0.004770842034067746,0.30892304806325865,3.2878 -1.0365 1.2071 -1.6728 -1.5722 -1.3760
005000,water_bottle,14,6014,put the water bottle into the basket,1,0,0.9030027613410161,0.3344448210571823,1.0848438660151656,0.2719269347639466,0.4042404885408931,0.025609482499952207,0.2399522266045138,-7.762393294148095e-07,0.47,0.08396161665288049,0.3590779010786408,3.3468 -1.0873 1.1760 -1.6766 -1.5693 -1.2917
005000,water_bottle,15,6015,pick up the water bottle and place it in the basket,1,1,0.8864623749571913,0.32076356950259083,1.0848438660151656,0.21469482721433705,0.0028234991153110334,0.5475145392518399,0.2399522266045138,-7.762393294148095e-07,0.47,0.11365953132971551,0.316628438711059,3.3042 -1.0571 1.1178 -1.6051 -1.5757 -1.2829
005000,water_bottle,16,6016,put the water bottle into the basket,0,0,0.8762490100955125,0.35784519365356315,1.0848438660151656,0.8428063365262578,0.4430214373697878,1.045659754333074,0.2399522266045138,-7.762393294148095e-07,0.47,0.0050691812606511455,0.29092837269632366,3.2661 -1.0538 1.1869 -1.6756 -1.5706 -1.3312
005000,water_bottle,17,6017,grab the water bottle and put it in the basket,1,1,0.8917204946264397,0.3539630976472238,1.0848438660151656,0.30284797448626843,-0.03073096279302202,0.5325753756488318,0.2399522266045138,-7.762393294148095e-07,0.47,0.13098943861399603,0.3244746446667006,3.3075 -1.0682 1.1858 -1.6657 -1.5697 -1.2654
005000,water_bottle,18,6018,put the water bottle into the basket,1,1,0.8590573475607802,0.32125019791313136,1.0848438660151656,0.2948961419945325,0.053327159728809866,0.531944054142631,0.2399522266045138,-7.762393294148095e-07,0.47,0.06889567313887368,0.3666061920829985,3.3357 -1.0755 1.1158 -1.5870 -1.5649 -1.3191
005000,water_bottle,19,6019,collect the water bottle and place it in the basket,0,0,0.8610070702669523,0.34532321349624545,1.0848438660151656,0.8588733569013155,0.44194922628735656,1.0456588713788593,0.2399522266045138,-7.762393294148095e-07,0.47,0.0063320402461986,0.3081976531185776,3.2877 -1.0657 1.2080 -1.6397 -1.5729 -1.2607
005000,milk_carton,0,7000,collect the milk carton and place it in the basket,1,1,0.8963688122595413,-0.23894059295397496,1.0807841105186855,0.2909306026507779,0.0371722646494838,0.4979125720442252,0.2399522266045138,-7.762393294148091e-07,0.47,0.0846312914391738,-0.2478997715937994,2.6871 -1.1679 1.3365 -1.8169 -1.5712 -1.9067
005000,milk_carton,1,7001,pick the milk carton off the shelf and put it in the basket,1,1,0.8919360030332666,-0.2539710100450298,1.0807841105186855,0.24807899946799417,-0.013753163278371559,0.5388447598999795,0.2399522266045138,-7.762393294148091e-07,0.47,0.05608998554673783,-0.23507591053090449,2.7084 -1.1492 1.3183 -1.8123 -1.5723 -1.9112
005000,milk_carton,2,7002,grab the milk carton and put it in the basket,0,0,0.8910214178214123,-0.2779304236139311,1.0807841105186855,0.8910909215860459,-0.36028277105083845,1.0399159936309743,0.2399522266045138,-7.762393294148091e-07,0.47,0.003316588959349387,-0.24732428312768526,2.6828 -1.1463 1.3989 -1.7887 -1.5745 -1.9507
005000,milk_carton,3,7003,grab the milk carton and put it in the basket,1,1,0.8628115483579453,-0.2532998426500792,1.0807841105186855,0.20541459571091678,0.04910023976912598,0.5390565472094527,0.2399522266045138,-7.762393294148091e-07,0.47,0.10823480859209478,-0.27191702117937167,2.6653 -1.1625 1.3273 -1.8026 -1.5722 -1.8957
005000,milk_carton,4,7004,pick up the milk carton and place it in the basket,1,0,0.8719052015848852,-0.23847752986775533,1.0807841105186886,0.1491545714618291,-0.008195091553462477,0.4979219828851498,0.2399522266045138,-7.762393294148091e-07,0.47,0.057954133055499124,-0.273365614361966,2.6689 -1.1553 1.3213 -1.8202 -1.5710 -1.8483
005000,milk_carton,5,7005,pick up the milk carton and place it in the basket,1,1,0.8994556524201873,-0.2609450254924106,1.0807841105186855,0.22794402680420878,-0.002883016072108791,0.5454249372500284,0.2399522266045138,-7.762393294148091e-07,0.47,0.11364588643961793,-0.23360593265992996,2.6959 -1.1365 1.2806 -1.7300 -1.5669 -1.9042
005000,milk_carton,6,7006,take the milk carton and drop it in the basket,0,0,0.8902771077635864,-0.280927929971682,1.0807841105186855,0.890098680108455,-0.2808543769236372,1.0810566540622415,0.2399522266045138,-7.762393294148091e-07,0.47,0.0031216866017707012,-0.2531672971459425,2.6884 -1.1298 1.3149 -1.7878 -1.5714 -1.9461
005000,milk_carton,7,7007,put the milk carton into the basket,1,1,0.895873928655557,-0.2547653664513793,1.0807841105186855,0.22652541214679384,-0.03462679249903862,0.514953848219295,0.2399522266045138,-7.762393294148091e-07,0.47,0.08680835119645325,-0.2804769716594651,2.6696 -1.1756 1.3463 -1.7920 -1.5746 -1.9105
005000,milk_carton,8,7008,pick the milk carton off the shelf and put it in the basket,1,1,0.9027015087909656,-0.2601157244894586,1.0807841105186855,0.28133429764574835,0.03675022916810888,0.4979061531795749,0.2399522266045138,-7.762393294148091e-07,0.47,0.0652159326112447,-0.2684891525990105,2.6770 -1.1305 1.2728 -1.7732 -1.5738 -1.8562
005000,milk_carton,9,7009,grab the milk carton and put it in the basket,0,0,0.8761630093898529,-0.2657028044819068,1.0807841105186855,0.8486658163900158,-0.35518816872176306,1.0399502658722095,0.2399522266045138,-7.762393294148091e-07,0.47,0.0034642587291471294,-0.24693868177094497,2.6977 -1.1026 1.3424 -1.7949 -1.5730 -1.8848
005000,milk_carton,10,7010,pick the milk carton off the shelf and put it in the basket,0,1,0.8701109691660596,-0.24825719684570244,1.0807841105186855,0.22863755361934765,0.0020620773968098097,0.49796367095483574,0.2399522266045138,-7.762393294148091e-07,0.47,0.035262998192324035,-0.257152163519625,2.6781 -1.1576 1.3219 -1.8337 -1.5717 -1.8898
005000,milk_carton,11,7011,collect the milk carton and place it in the basket,1,1,0.8806652497022245,-0.2573589904539627,1.0807841105186855,0.17754919091589555,0.07143387483867436,0.5403832776945,0.2399522266045138,-7.762393294148091e-07,0.47,0.07562000069607122,-0.2553544737328899,2.6893 -1.1328 1.2787 -1.7796 -1.5701 -1.8769
005000,milk_carton,12,7012,pick the milk carton off the shelf and put it in the basket,1,1,0.8924057084886737,-0.25918237418411727,1.0807841105186855,0.21806777883059478,-0.030740713316715077,0.49791873015039334,0.2399522266045138,-7.762393294148091e-07,0.47,0.0941265534774316,-0.2930214752946503,2.6429 -1.1621 1.3216 -1.7722 -1.5726 -1.9067
005000,milk_carton,13,7013,pick up the milk carton and place it in the basket,0,0,0.8918694674311353,-0.2817547969253365,1.0807841105186855,0.8923092531580762,-0.36867101998954027,1.0399092430744443,0.2399522266045138,-7.762393294148091e-07,0.47,0.0035377657544481966,-0.2560638491293964,2.6880 -1.0980 1.3014 -1.7320 -1.5725 -1.9262
005000,milk_carton,14,7014,pick up the milk carton and place it in the basket,0,0,0.8910540237584624,-0.26446556320823156,1.0807841105186855,0.8914993450566363,-0.26395194217415474,1.0810563490793064,0.2399522266045138,-7.762393294148091e-07,0.47,0.0024786152922202653,-0.23204622050533313,2.7079 -1.1439 1.3253 -1.7857 -1.5753 -1.9200
005000,milk_carton,15,7015,collect the milk carton and place it in the basket,1,1,0.8940806217796278,-0.26682063258900013,1.0807841105186855,0.218253212478648,0.0023519024866963533,0.5443711031951974,0.2399522266045138,-7.762393294148091e-07,0.47,0.05818351882956785,-0.26547812166580426,2.6729 -1.1618 1.2975 -1.7904 -1.5710 -1.9430
005000,milk_carton,16,7016,put the milk carton into the basket,1,1,0.8716944072982507,-0.2453634714270807,1.0807841105186855,0.19188521487180848,-0.02493606636274897,0.5347856757047287,0.2399522266045138,-7.762393294148091e-07,0.47,0.08863817555640008,-0.24233442411945258,2.6870 -1.1454 1.3110 -1.8007 -1.5725 -1.9565
005000,milk_carton,17,7017,put the milk carton into the basket,0,0,0.8690638177063306,-0.26680792407865245,1.0807841105186855,0.8658005702372296,-0.3487647582361986,1.0399135517916032,0.2399522266045138,-7.762393294148091e-07,0.47,0.004038769131671227,-0.2610184163161139,2.6862 -1.1410 1.2847 -1.8054 -1.5739 -1.9428
005000,milk_carton,18,7018,take the milk carton and drop it in the basket,1,1,0.8851319704534371,-0.25855472073398605,1.0807841105186855,0.18845135841368374,-0.015888521678741455,0.4978908355057888,0.2399522266045138,-7.762393294148091e-07,0.47,0.0643747538196231,-0.2572248085796657,2.6802 -1.1581 1.3108 -1.7693 -1.5694 -1.8546
005000,milk_carton,19,7019,take the milk carton and drop it in the basket,1,1,0.8840873730190387,-0.26978869206250095,1.0807841105186855,0.3258491883107007,-0.037632168293960565,0.5482787943298995,0.2399522266045138,-7.762393294148091e-07,0.47,0.0658782354575489,-0.2548690952520328,2.6815 -1.1669 1.3430 -1.8488 -1.5687 -1.9237
005000,bread_loaf,0,8000,pick up the loaf of bread and place it in the basket,1,1,0.8746219813820072,0.003226236519858282,1.043193179550833,0.2009950570760393,0.029284144326152648,0.5012794913836954,0.2399522266045138,-7.762393294148086e-07,0.47,0.1269466719444996,-0.0036204731423596656,2.9513 -1.1397 1.4223 -1.8026 -1.5700 -1.6741
005000,bread_loaf,1,8001,grab the loaf of bread and put it in the basket,0,0,0.8782091024747132,0.021224213690868958,1.043193179550833,0.8130718796602611,0.10587907839723144,1.0447533571383074,0.2399522266045138,-7.762393294148086e-07,0.47,0.02766600495149696,-0.005383791745762711,2.9402 -1.1588 1.4843 -1.8645 -1.5669 -1.6557
005000,bread_loaf,2,8002,pick up the loaf of bread and place it in the basket,1,0,0.8902334868798544,-0.011693412716367035,1.043193179550833,0.14621066789891982,0.0008952340100593919,0.5013780088694584,0.2399522266045138,-7.762393294148086e-07,0.47,0.12227978347455015,-0.015838360635673225,2.9420 -1.1661 1.4842 -1.8556 -1.5709 -1.6545
005000,bread_loaf,3,8003,pick up the loaf of bread and place it in the basket,0,0,0.8638160955225341,0.01311922929569552,1.043193179550833,0.7155149426477622,0.23075814152273572,0.0232492848541544,0.2399522266045138,-7.762393294148086e-07,0.47,0.017576649862727445,-0.015806738494029197,2.9413 -1.1322 1.4378 -1.8379 -1.5730 -1.6813
005000,bread_loaf,4,8004,take the loaf of bread and drop it in the basket,1,0,0.8737279874804992,0.00809949543870711,1.043193179550833,0.11175653727359544,0.4817385802904693,0.023343355764500934,0.2399522266045138,-7.762393294148086e-07,0.47,0.13777772170288594,-0.011230237370426176,2.9439 -1.1267 1.4132 -1.8232 -1.5713 -1.6912
005000,bread_loaf,5,8005,take the loaf of bread and drop it in the basket,1,1,0.8883251141816185,0.002292491928265271,1.043193179550833,0.22566567425661574,0.017293807579256165,0.5012738142609429,0.2399522266045138,-7.762393294148086e-07,0.47,0.13186366578037312,0.00889478337145752,2.9675 -1.1426 1.4297 -1.8339 -1.5723 -1.6656
005000,bread_loaf,6,8006,collect the loaf of bread and place it in the basket,1,0,0.8586282392598662,0.017368892760951056,1.043193179550833,0.147372867742888,0.008537076539763521,0.5012677045039542,0.2399522266045138,-7.762393294148086e-07,0.47,0.10335670311824718,0.0202193270694756,2.9730 -1.1780 1.4332 -1.8261 -1.5695 -1.6480
005000,bread_loaf,7,8007,put the loaf of bread into the basket,1,1,0.897733274476169,0.015903636900616323,1.043193179550833,0.25600622851932914,0.044557638576440746,0.49803552727564054,0.2399522266045138,-7.762393294148086e-07,0.47,0.16009263789751027,0.010648232164857744,2.9707 -1.1296 1.4178 -1.8584 -1.5721 -1.6517
005000,bread_loaf,8,8008,pick the loaf of bread off the shelf and put it in the basket,1,1,0.8667922915427633,-0.013165385740074599,1.043193179550833,0.21131675127016614,0.04179477336504009,0.5012841241473979,0.2399522266045138,-7.762393294148086e-07,0.47,0.12888085078132705,-0.02922853347461536,2.9191 -1.1595 1.4736 -1.8560 -1.5705 -1.6987
005000,bread_loaf,9,8009,collect the loaf of bread and place it in the basket,0,0,0.8593080450384041,0.0006514063681209888,1.043193179550833,0.8588975889444095,0.03881368478750461,1.0400279333006122,0.2399522266045138,-7.762393294148086e-07,0.47,0.01663058578193599,-0.03139482004810443,2.9228 -1.1352 1.4495 -1.8544 -1.5721 -1.6428
005000,bread_loaf,10,8010,put the loaf of bread into the basket,0,0,0.8993728607687083,-0.002242744376170197,1.043193179550833,0.971126649753754,0.10804948542879136,1.0433621640258115,0.2399522266045138,-7.762393294148086e-07,0.47,0.032358697344401444,-0.03264935039935462,2.9277 -1.1197 1.4228 -1.8315 -1.5739 -1.6724
005000,bread_loaf,11,8011,collect the loaf of bread and place it in the basket,0,0,0.8880555986133731,0.021012438212073714,1.043193179550833,0.8986048220323369,0.058795312019799054,1.0432748219236934,0.2399522266045138,-7.762393294148086e-07,0.47,0.015404412691990776,-0.008006825505570865,2.9452 -1.1502 1.4373 -1.8401 -1.5690 -1.6584
005000,bread_loaf,12,8012,grab the loaf of bread and put it in the basket,0,0,0.8993568994058095,0.01906026951651909,1.043193179550833,0.9362858528864607,0.10353907205002512,1.0400254684139487,0.2399522266045138,-7.762393294148086e-07,0.47,0.007436554756249603,-0.031365997518007366,2.9198 -1.1467 1.4481 -1.8512 -1.5713 -1.7449
005000,bread_loaf,13,8013,collect the loaf of bread and place it in the basket,1,0,0.8919166957768548,-0.00355762503499011,1.043193179550833,0.507285523165487,0.5984194575880456,0.02474661457696506,0.2399522266045138,-7.762393294148086e-07,0.47,0.10066982353272014,-0.025383852099462062,2.9250 -1.1532 1.4599 -1.8544 -1.5714 -1.7044
005000,bread_loaf,14,8014,pick up the loaf of bread and place it in the basket,1,1,0.8643146555506145,0.004954567523332187,1.043193179550833,0.22583049817253323,0.05331518007701375,0.4980307303489561,0.2399522266045138,-7.762393294148086e-07,0.47,0.1371504038072211,0.01559586494791877,2.9731 -1.1635 1.4767 -1.8504 -1.5718 -1.6679
005000,bread_loaf,15,8015,take the loaf of bread and drop it in the basket,1,1,0.902855239203538,0.015414351839533415,1.043193179550833,0.22719723478839385,0.016260292002429306,0.501281339242333,0.2399522266045138,-7.762393294148086e-07,0.47,0.130320585597685,0.008414018758317265,2.9641 -1.1392 1.4314 -1.8383 -1.5704 -1.6510
005000,bread_loaf,16,8016,grab the loaf of bread and put it in the basket,1,1,0.8737287692531139,-0.0023727754503070457,1.043193179550833,0.24207940481655116,0.028844843373614173,0.501276432330174,0.2399522266045138,-7.762393294148086e-07,0.47,0.1372302112687549,-0.010220443893810726,2.9441 -1.1491 1.4494 -1.8304 -1.5728 -1.6800
005000,bread_loaf,17,8017,put the loaf of bread into the basket,1,1,0.883515161882692,-0.006703131962191047,1.043193179550833,0.21256511311323886,0.00927621481324969,0.5012797506703437,0.2399522266045138,-7.762393294148086e-07,0.47,0.1061685492570903,-0.016237908940398973,2.9423 -1.1421 1.4511 -1.8456 -1.5724 -1.6570
005000,bread_loaf,18,8018,collect the loaf of bread and place it in the basket,1,1,0.8625248945620373,0.003932181760066801,1.043193179550833,0.1663931833815872,0.015192276291177797,0.5012873925122294,0.2399522266045138,-7.762393294148086e-07,0.47,0.09732371087026581,-0.004286667560182025,2.9445 -1.1708 1.4282 -1.8764 -1.5704 -1.6873
005000,bread_loaf,19,8019,collect the loaf of bread and place it in the basket,1,0,0.898730402296927,0.01465150628107198,1.043193179550833,0.14497037544406405,0.04267893733134752,0.49802193862160715,0.2399522266045138,-7.762393294148086e-07,0.47,0.1342303372709004,-0.016236815233319928,2.9427 -1.1558 1.4304 -1.8937 -1.5721 -1.6604
010000,cola_can,0,5000,take the can of cola and drop it in the basket,1,1,0.8727738124070996,-0.11481010011971403,1.060294164090919,0.24330724193979503,0.05933725081968207,0.5183309704053508,0.23995195107345949,7.857063672973423e-06,0.47,0.10109380906686671,-0.13773691602028237,2.8042 -1.1543 1.3952 -1.7967 -1.5708 -1.8080
010000,cola_can,1,5001,pick up the can of cola and place it in the basket,1,0,0.8935688661522325,-0.15172020205256764,1.0602941641089438,0.6881327478267245,-0.23960968392354715,0.02491512445895351,0.2399522266045138,-7.762393294148082e-07,0.47,0.06530396930339322,-0.1191217567967851,2.8255 -1.1528 1.3830 -1.7875 -1.5717 -1.7934
010000,cola_can,2,5002,collect the can of cola and place it in the basket,1,1,0.8933249712031013,-0.14197897758312436,1.0602941641089438,0.23855746707566347,0.020539439936495596,0.518323137898524,0.2399522266045138,-7.762393294148082e-07,0.47,0.09474151278248377,-0.13857089303402328,2.8067 -1.1354 1.3597 -1.7818 -1.5697 -1.8164
010000,cola_can,3,5003,grab the can of cola and put it in the basket,1,1,0.8614742788450557,-0.12981086907860673,1.0602941640904724,0.2654995154963809,-0.05227593595307397,0.5029002923621888,0.2399522266045138,-7.762393294148082e-07,0.47,0.06281598756495121,-0.11510438031302786,2.8153 -1.1804 1.3857 -1.8086 -1.5675 -1.8214
010000,cola_can,4,5004,pick up the can of cola and place it in the basket,1,1,0.8787883014192989,-0.14717012540773833,1.0602941640911567,0.22072225865970743,0.0065603042562176386,0.5183144729784277,0.2399522266045138,-7.762393294148082e-07,0.47,0.09139534444722619,-0.13116257628838973,2.8093 -1.1684 1.3976 -1.7790 -1.5710 -1.8342
010000,cola_can,5,5005,collect the can of cola and place it in the basket,1,1,0.8815602691107215,-0.14210550814436806,1.0602941640912664,0.24963466251769895,0.07710613812208864,0.5027149612477498,0.2399522266045138,-7.762393294148082e-07,0.47,0.09252481442604776,-0.12698768007853853,2.8139 -1.1747 1.4118 -1.8111 -1.5711 -1.8142
010000,cola_can,6,5006,grab the can of cola and put it in the basket,1,1,0.8773687233434786,-0.13031750904484266,1.0602941640911006,0.18460261517985688,0.02270942648475624,0.502792677457481,0.2399522266045138,-7.762393294148082e-07,0.47,0.11132613717324502,-0.1268246941230875,2.8132 -1.1592 1.4140 -1.7948 -1.5702 -1.7874
010000,cola_can,7,5007,put the can of cola into the basket,0,0,0.8550388896507713,-0.1492094480229422,1.060294164090218,0.877762429856686,-0.19790373673376474,1.0618065490682413,0.2399522266045138,-7.762393294148082e-07,0.47,0.013614327295066175,-0.13002507716012562,2.8130 -1.1471 1.4016 -1.8071 -1.5724 -1.7994
010000,cola_can,8,5008,collect the can of cola and place it in the basket,1,0,0.8647520937799271,-0.11774549312752046,1.0602941640906018,0.22182198857013885,0.09956944665898444,0.5029248775618953,0.2399522266045138,-7.762393294148082e-07,0.47,0.07381961966934703,-0.1256955722888487,2.8112 -1.1865 1.3921 -1.7955 -1.5684 -1.7738
010000,cola_can,9,5009,take the can of cola and drop it in the basket,1,1,0.8886171223688927,-0.1237846819787691,1.0602941640915455,0.2249426977644713,0.01958946887681631,0.5183285531998202,0.2399522266045138,-7.762393294148082e-07,0.47,0.10142033444454279,-0.12819566746397476,2.8187 -1.1376 1.3728 -1.7831 -1.5709 -1.7791
010000,cola_can,10,5010,grab the can of cola and put it in the basket,1,0,0.8556445982204492,-0.11790554264102862,1.060294164090242,0.20357404938324736,0.0981001617534044,0.5027157873130471,0.2399522266045138,-7.762393294148082e-07,0.47,0.06283238189562135,-0.11958366647697638,2.8081 -1.1939 1.4045 -1.8113 -1.5687 -1.7483
010000,cola_can,11,5011,pick up the can of cola and place it in the basket,1,1,0.8716112802072584,-0.12977032110124845,1.0602941640908732,0.17289022861560738,0.0720732596586572,0.5201895208379106,0.2399522266045138,-7.762393294148082e-07,0.47,0.09999597167304652,-0.13359945554517783,2.8124 -1.1405 1.3843 -1.8016 -1.5705 -1.8129
010000,cola_can,12,5012,grab the can of cola and put it in the basket,1,1,0.9041519758196553,-0.14221689425252998,1.0602941640921595,0.21934208330939367,0.0069668337414581635,0.5183315766411577,0.2399522266045138,-7.762393294148082e-07,0.47,0.09249809452256152,-0.13297329524954,2.8095 -1.1563 1.4046 -1.8280 -1.5708 -1.8077
010000,cola_can,13,5013,grab the can of cola and put it in the basket,1,1,0.8920712235771041,-0.14066920559388682,1.0602941640916819,0.23094087155565343,0.025701749673004037,0.5183226315412197,0.2399522266045138,-7.762393294148082e-07,0.47,0.09058182433471962,-0.14384634374948113,2.7983 -1.1479 1.3869 -1.7907 -1.5705 -1.7968
010000,cola_can,14,5014,take the can of cola and drop it in the basket,1,1,0.89349269966227,-0.12240391507752833,1.060294164091738,0.24433275194050955,0.07006824525046053,0.5211302538785819,0.2399522266045138,-7.762393294148082e-07,0.47,0.10158079146300669,-0.13500208101590977,2.8057 -1.1619 1.4031 -1.7875 -1.5708 -1.7785
010000,cola_can,15,5015,pick the can of cola off the shelf and put it in the basket,0,0,0.8566199652897468,-0.14318110407915663,1.0602941640902805,0.8929732774461295,-0.1923646094759541,1.0448760022296248,0.2399522266045138,-7.762393294148082e-07,0.47,0.009057048235517673,-0.13303439147657875,2.8057 -1.1690 1.4112 -1.7935 -1.5711 -1.8060
010000,cola_can,16,5016,collect the can of cola and place it in the basket,0,0,0.9028063486567656,-0.14133387680721482,1.0602941640921062,0.9010500892500932,-0.14092092402421075,1.0603266986471394,0.2399522266045138,-7.762393294148082e-07,0.47,0.00399318426163231,-0.155810319086559,2.7862 -1.1775 1.3709 -1.7930 -1.5718 -1.8154
010000,cola_can,17,5017,pick up the can of cola and place it in the basket,1,1,0.8964211806274422,-0.12625913184276777,1.0602941641089438,0.2423108420794327,0.07140202734972854,0.5114378279022812,0.2399522266045138,-7.762393294148082e-07,0.47,0.09852276837285645,-0.12206625747422023,2.8236 -1.1510 1.3678 -1.7775 -1.5701 -1.7775
010000,cola_can,18,5018,take the can of cola and drop it in the basket,1,1,0.8739996439035349,-0.11272133313244939,1.0602941640909676,0.22589021796372968,0.030896478449145844,0.5183318222653935,0.2399522266045138,-7.762393294148082e-07,0.47,0.10485807158419935,-0.13120626197086938,2.8140 -1.1416 1.3779 -1.7840 -1.5700 -1.7924
010000,cola_can,19,5019,grab the can of cola and put it in the basket,1,1,0.8643749467961824,-0.14175106156628423,1.0602941640905872,0.20472029875894127,-0.053204157201176626,0.5028801153780661,0.2399522266045138,-7.762393294148082e-07,0.47,0.08945910986923966,-0.12879418363271594,2.8100 -1.1729 1.4330 -1.8255 -1.5713 -1.7941
010000,water_bottle,0,6000,collect the water bottle and place it in the basket,0,0,0.9041209054391616,0.3389401102410776,1.0848438660151656,0.8973576239142604,0.3451370301611247,1.0848954349204756,0.2399522266045138,-7.762393294148095e-07,0.47,0.003920447453125142,0.29670704857847924,3.2730 -1.0572 1.1821 -1.6697 -1.5711 -1.3538
010000,water_bottle,1,6001,pick the water bottle off the shelf and put it in the basket,1,1,0.893575842399691,0.339413724217704,1.0848438660151656,0.29674214460610987,-0.044657541302836334,0.5431440775076537,0.2399522266045138,-7.762393294148095e-07,0.47,0.08362975028269415,0.3066565656921892,3.2854 -1.0613 1.1886 -1.6477 -1.5716 -1.3491
010000,water_bottle,2,6002,put the water bottle into the basket,0,0,0.8755756761160525,0.3302752553011226,1.0848438660151656,0.9320517725850846,0.40158040574472315,1.0456650834947605,0.2399522266045138,-7.762393294148095e-07,0.47,0.004552809866663843,0.30269304067523983,3.2820 -1.0887 1.1696 -1.6510 -1.5700 -1.3454
010000,water_bottle,3,6003,take the water bottle and drop it in the basket,1,1,0.884483793819224,0.3471443325477995,1.0848438660151656,0.23005372258380682,0.02817169770969672,0.5036682171018849,0.2399522266045138,-7.762393294148095e-07,0.47,0.08534986680714152,0.31043649259635875,3.2891 -1.0642 1.1860 -1.6555 -1.5707 -1.3246
010000,water_bottle,4,6004,pick the water bottle off the shelf and put it in the basket,0,0,0.867075690401742,0.3339849360086041,1.0848438660151656,0.9070673671467996,0.42894701431862975,1.0456663217442708,0.2399522266045138,-7.762393294148095e-07,0.47,0.0053944647856063455,0.29642457007710693,3.2744 -1.0651 1.1908 -1.6690 -1.5706 -1.3463
010000,water_bottle,5,6005,grab the water bottle and put it in the basket,0,0,0.8595303079147457,0.35441781387103555,1.0848438660151656,0.7920579478556294,0.4303112195050108,1.0456568600747722,0.2399522266045138,-7.762393294148095e-07,0.47,0.006076819851063231,0.2963629543033657,3.2726 -1.0571 1.1843 -1.6999 -1.5727 -1.3354
010000,water_bottle,6,6006,pick the water bottle off the shelf and put it in the basket,0,0,0.9041914958377107,0.35793900924218314,1.0848438660151656,0.9255922164793121,0.4699783743622234,1.0456568244053346,0.2399522266045138,-7.762393294148095e-07,0.47,0.005102225157815887,0.317036488990237,3.2963 -1.0715 1.1866 -1.6419 -1.5709 -1.3322
010000,water_bottle,7,6007,grab the water bottle and put it in the basket,0,0,0.8738191181878247,0.3449414619050775,1.0848438660151656,0.8189101035172408,0.4234985796831145,1.0456622541950844,0.2399522266045138,-7.762393294148095e-07,0.47,0.006396755405394305,0.2916567425228629,3.2686 -1.0535 1.1653 -1.6550 -1.5718 -1.3168
010000,water_bottle,8,6008,grab the water bottle and put it in the basket,0,0,0.8625992472211589,0.34621914841878226,1.0848438660151656,0.7995933046796653,0.4195502970793963,1.045657293938139,0.2399522266045138,-7.762393294148095e-07,0.47,0.005502392877982043,0.2912073405680986,3.2690 -1.0585 1.1768 -1.6492 -1.5724 -1.3046
010000,water_bottle,9,6009,grab the water bottle and put it in the basket,0,0,0.881679584516237,0.3391687052154724,1.0848438660151656,0.8848892650137041,0.3364486855772913,1.0848938500742324,0.2399522266045138,-7.762393294148095e-07,0.47,0.0048283089307075144,0.29983268307709204,3.2776 -1.0628 1.1838 -1.6644 -1.5704 -1.3443
010000,water_bottle,10,6010,pick the water bottle off the shelf and put it in the basket,0,0,0.8965540359709412,0.3617408655149852,1.0848438660151656,0.8964564207185962,0.36175546861884395,1.0848965548875544,0.2399522266045138,-7.762393294148095e-07,0.47,5.816758353116569e-05,0.3028072032075336,3.2813 -1.0760 1.1923 -1.6396 -1.5700 -1.3307
010000,water_bottle,11,6011,put the water bottle into the basket,0,0,0.8835126500383532,0.33598051451179317,1.0848438660151656,0.9416668250334795,0.40689738861685737,1.0456670241613468,0.2399522266045138,-7.762393294148095e-07,0.47,0.0057632911934826225,0.29665669568894737,3.2737 -1.0835 1.1986 -1.6670 -1.5713 -1.3435
010000,water_bottle,12,6012,put the water bottle into the basket,1,1,0.888906362299204,0.3329100901791109,1.0848438660151656,0.3167047224914388,0.02582515385080271,0.5438712334585686,0.2399522266045138,-7.762393294148095e-07,0.47,0.05814518294799287,0.30806628663772556,3.2848 -1.0613 1.1278 -1.6417 -1.5711 -1.3217
010000,water_bottle,13,6013,put the water bottle into the basket,0,0,0.8936163278055489,0.3579298587990566,1.0848438660151656,0.8926823823662083,0.36005057927931683,1.0848954429789541,0.2399522266045138,-7.762393294148095e-07,0.47,0.0032915265206256983,0.29209066872152406,3.2688 -1.0530 1.1927 -1.6738 -1.5715 -1.3641
010000,water_bottle,14,6014,put the water bottle into the basket,1,1,0.9030027613410161,0.3344448210571823,1.0848438660151656,0.25188178930858507,0.05912954482136222,0.547457805061297,0.2399522266045138,-7.762393294148095e-07,0.47,0.06975257725707107,0.3229613306374548,3.3067 -1.0917 1.1824 -1.6812 -1.5716 -1.3273
010000,water_bottle,15,6015,pick up the water bottle and place it in the basket,1,1,0.8864623749571913,0.32076356950259083,1.0848438660151656,0.21057308248713666,0.011225328802570086,0.5439337678399325,0.2399522266045138,-7.762393294148095e-07,0.47,0.06046127794918621,0.29899047555596103,3.2779 -1.0831 1.1676 -1.6475 -1.5725 -1.3411
010000,water_bottle,16,6016,put the water bottle into the basket,0,0,0.8762490100955125,0.35784519365356315,1.0848438660151656,0.8818411365541592,0.358880792014743,1.0848957110494315,0.2399522266045138,-7.762393294148095e-07,0.47,0.0026467067118542964,0.2853234507330447,3.2604 -1.0673 1.1806 -1.6683 -1.5711 -1.3448
010000,water_bottle,17,6017,grab the water bottle and put it in the basket,0,0,0.8917204946264397,0.3539630976472238,1.0848438660151656,0.8941116763296267,0.353461002401201,1.084895999960494,0.2399522266045138,-7.762393294148095e-07,0.47,0.006014810932731374,0.3079555927060394,3.2852 -1.0541 1.1977 -1.6769 -1.5710 -1.2967
010000,water_bottle,18,6018,put the water bottle into the basket,0,0,0.8590573475607802,0.32125019791313136,1.0848438660151656,0.3556644044266087,-0.037729884917803984,0.02917203276228772,0.2399522266045138,-7.762393294148095e-07,0.47,0.02220128854604675,0.3021505008898995,3.2853 -1.1000 1.1239 -1.6298 -1.5711 -1.3239
010000,water_bottle,19,6019,collect the water bottle and place it in the basket,0,0,0.8610070702669523,0.34532321349624545,1.0848438660151656,0.8243318006590722,0.4431781186350973,1.0456563940866677,0.2399522266045138,-7.762393294148095e-07,0.47,0.007019490681954954,0.2935181539448109,3.2729 -1.0685 1.2031 -1.6624 -1.5729 -1.3179
010000,milk_carton,0,7000,collect the milk carton and place it in the basket,1,1,0.8963688122595413,-0.23894059295397496,1.0807841105186855,0.17530182082954962,0.06761882292404002,0.5369552327713211,0.2399522266045138,-7.762393294148091e-07,0.47,0.07015312793030737,-0.26363442079226074,2.6806 -1.1361 1.2835 -1.7601 -1.5715 -1.8987
010000,milk_carton,1,7001,pick the milk carton off the shelf and put it in the basket,1,1,0.8919360030332666,-0.2539710100450298,1.0807841105186855,0.2955311342273006,0.030602792433368334,0.49902909563919046,0.2399522266045138,-7.762393294148091e-07,0.47,0.05680919081095759,-0.2510198984168397,2.6935 -1.1353 1.2818 -1.7643 -1.5697 -1.9211
010000,milk_carton,2,7002,grab the milk carton and put it in the basket,1,1,0.8910214178214123,-0.2779304236139311,1.0807841105186855,0.23515380867648922,0.013702784301065331,0.5389585775336784,0.2399522266045138,-7.762393294148091e-07,0.47,0.08150079831773982,-0.2602511912468039,2.6781 -1.1454 1.2924 -1.7350 -1.5694 -1.9109
010000,milk_carton,3,7003,grab the milk carton and put it in the basket,1,0,0.8628115483579453,-0.2532998426500792,1.0807841105186855,0.23314557173681041,0.08142688408556653,0.5414686307595682,0.2399522266045138,-7.762393294148091e-07,0.47,0.08243594787266617,-0.27792111420598004,2.6635 -1.1358 1.2808 -1.7458 -1.5705 -1.8966
010000,milk_carton,4,7004,pick up the milk carton and place it in the basket,1,1,0.8719052015848852,-0.23847752986775533,1.0807841105186886,0.31061393423349204,0.05490849329564818,0.4978931353843852,0.2399522266045138,-7.762393294148091e-07,0.47,0.06315857005794379,-0.266304955329374,2.6772 -1.1378 1.2843 -1.7551 -1.5695 -1.8838
010000,milk_carton,5,7005,pick up the milk carton and place it in the basket,1,1,0.8994556524201873,-0.2609450254924106,1.0807841105186855,0.21310320417275808,0.06616613092385618,0.5407278844264135,0.2399522266045138,-7.762393294148091e-07,0.47,0.0761181474497592,-0.2613894768107715,2.6847 -1.1202 1.2499 -1.7078 -1.5707 -1.8892
010000,milk_carton,6,7006,take the milk carton and drop it in the basket,1,1,0.8902771077635864,-0.280927929971682,1.0807841105186855,0.30917518318981885,-0.05929707594003154,0.5219076623579473,0.2399522266045138,-7.762393294148091e-07,0.47,0.07560768881913349,-0.25517018509192846,2.6911 -1.1170 1.2599 -1.7406 -1.5691 -1.9291
010000,milk_carton,7,7007,put the milk carton into the basket,1,1,0.895873928655557,-0.2547653664513793,1.0807841105186855,0.24324409618338796,0.07658047680009446,0.5432335707663672,0.2399522266045138,-7.762393294148091e-07,0.47,0.06863770174545336,-0.265211159661929,2.6746 -1.1450 1.2923 -1.7444 -1.5690 -1.9274
010000,milk_carton,8,7008,pick the milk carton off the shelf and put it in the basket,1,1,0.9027015087909656,-0.2601157244894586,1.0807841105186855,0.2916102361453834,0.04127066997044406,0.49791787065650184,0.2399522266045138,-7.762393294148091e-07,0.47,0.06741707381475148,-0.27480886122880266,2.6742 -1.1147 1.2452 -1.7300 -1.5715 -1.9031
010000,milk_carton,9,7009,grab the milk carton and put it in the basket,1,1,0.8761630093898529,-0.2657028044819068,1.0807841105186855,0.30898794375120703,0.031886439611899374,0.49791854650111306,0.2399522266045138,-7.762393294148091e-07,0.47,0.06300137185337928,-0.26155466244573233,2.6866 -1.1202 1.2632 -1.7616 -1.5702 -1.8843
010000,milk_carton,10,7010,pick the milk carton off the shelf and put it in the basket,1,1,0.8701109691660596,-0.24825719684570244,1.0807841105186855,0.2157256014691616,-0.01046022705164296,0.4979386859669967,0.2399522266045138,-7.762393294148091e-07,0.47,0.05167640924739092,-0.26863133136567363,2.6749 -1.1357 1.2780 -1.7531 -1.5709 -1.9010
010000,milk_carton,11,7011,collect the milk carton and place it in the basket,1,1,0.8806652497022245,-0.2573589904539627,1.0807841105186855,0.195036364679812,0.07742290113426654,0.5411559675013404,0.2399522266045138,-7.762393294148091e-07,0.47,0.0652397563687277,-0.26649994135709104,2.6781 -1.1218 1.2610 -1.7400 -1.5697 -1.9195
010000,milk_carton,12,7012,pick the milk carton off the shelf and put it in the basket,1,1,0.8924057084886737,-0.25918237418411727,1.0807841105186855,0.18118516457431627,0.07350163663949821,0.5428101649794345,0.2399522266045138,-7.762393294148091e-07,0.47,0.07433735507945749,-0.28121836036960635,2.6634 -1.1231 1.2571 -1.7226 -1.5708 -1.9126
010000,milk_carton,13,7013,pick up the milk carton and place it in the basket,1,1,0.8918694674311353,-0.2817547969253365,1.0807841105186855,0.2335069210241319,-0.016881825265724616,0.5319250505061537,0.2399522266045138,-7.762393294148091e-07,0.47,0.07278148682837293,-0.258144196127823,2.6882 -1.1101 1.2472 -1.7093 -1.5701 -1.9140
010000,milk_carton,14,7014,pick up the milk carton and place it in the basket,1,1,0.8910540237584624,-0.26446556320823156,1.0807841105186855,0.2255808719465013,0.024560543961572413,0.5386627095659527,0.2399522266045138,-7.762393294148091e-07,0.47,0.0610223506294969,-0.2463398877895117,2.6981 -1.1324 1.2776 -1.7531 -1.5702 -1.8814
010000,milk_carton,15,7015,collect the milk carton and place it in the basket,1,1,0.8940806217796278,-0.26682063258900013,1.0807841105186855,0.20818176596589322,0.04346976490594359,0.5390562632929781,0.2399522266045138,-7.762393294148091e-07,0.47,0.06037365272684725,-0.28020205459227054,2.6658 -1.1235 1.2603 -1.7338 -1.5703 -1.9190
010000,milk_carton,16,7016,put the milk carton into the basket,1,1,0.8716944072982507,-0.2453634714270807,1.0807841105186855,0.1937940607539126,-0.020988256022103816,0.49797075699994936,0.2399522266045138,-7.762393294148091e-07,0.47,0.07162192885607555,-0.27268985112793853,2.6736 -1.1318 1.2695 -1.7327 -1.5713 -1.9072
010000,milk_carton,17,7017,put the milk carton into the basket,0,0,0.8690638177063306,-0.26680792407865245,1.0807841105186855,0.8690637513842417,-0.3491706305992768,1.0399538920982034,0.2399522266045138,-7.762393294148091e-07,0.47,0.003379086345987492,-0.2744307190037813,2.6732 -1.1114 1.2674 -1.7507 -1.5712 -1.9336
010000,milk_carton,18,7018,take the milk carton and drop it in the basket,1,1,0.8851319704534371,-0.25855472073398605,1.0807841105186855,0.21255739651806824,0.027513392282135497,0.539905088109751,0.2399522266045138,-7.762393294148091e-07,0.47,0.06417332771564888,-0.26019092699601704,2.6830 -1.1324 1.2713 -1.7294 -1.5695 -1.8973
010000,milk_carton,19,7019,take the milk carton and drop it in the basket,1,1,0.8840873730190387,-0.26978869206250095,1.0807841105186855,0.27260051631593546,0.05327096632358578,0.4979164943764981,0.2399522266045138,-7.762393294148091e-07,0.47,0.0518370699122197,-0.2591840350286274,2.6843 -1.1403 1.2861 -1.7509 -1.5695 -1.8871
010000,bread_loaf,0,8000,pick up the loaf of bread and place it in the basket,1,0,0.8746219813820072,0.003226236519858282,1.043193179550833,0.019932307160823046,0.4888777418458162,0.023343214884478353,0.2399522266045138,-7.762393294148086e-07,0.47,0.10162257807843944,-0.014979316381925296,2.9368 -1.1477 1.4328 -1.8276 -1.5696 -1.6749
010000,bread_loaf,1,8001,grab the loaf of bread and put it in the basket,0,0,0.8782091024747132,0.021224213690868958,1.043193179550833,0.8798520690294737,0.020912490539935113,1.043286646864437,0.2399522266045138,-7.762393294148086e-07,0.47,0.0011842751638184712,-0.017720752694807006,2.9295 -1.1681 1.4665 -1.8606 -1.5673 -1.6921
010000,bread_loaf,2,8002,pick up the loaf of bread and place it in the basket,1,1,0.8902334868798544,-0.011693412716367035,1.043193179550833,0.22377840474862493,0.026139796190663242,0.5012729345671608,0.2399522266045138,-7.762393294148086e-07,0.47,0.1041586306194573,-0.016429068071835678,2.9334 -1.1584 1.4635 -1.8458 -1.5698 -1.6837
010000,bread_loaf,3,8003,pick up the loaf of bread and place it in the basket,1,0,0.8638160955225341,0.01311922929569552,1.043193179550833,-0.0437127306459586,0.742500867564891,0.023249284854132423,0.2399522266045138,-7.762393294148086e-07,0.47,0.11270203581193572,-0.011529328606130073,2.9359 -1.1701 1.4312 -1.8272 -1.5699 -1.6820
010000,bread_loaf,4,8004,take the loaf of bread and drop it in the basket,0,0,0.8737279874804992,0.00809949543870711,1.043193179550833,0.9107583860572447,0.04765440474177263,1.0433612317713827,0.2399522266045138,-7.762393294148086e-07,0.47,0.018392444008123565,-0.02084831160783538,2.9328 -1.1415 1.4141 -1.8147 -1.5703 -1.6760
010000,bread_loaf,5,8005,take the loaf of bread and drop it in the basket,1,0,0.8883251141816185,0.002292491928265271,1.043193179550833,0.3351662762174855,0.056404978381501956,0.5013697422895662,0.2399522266045138,-7.762393294148086e-07,0.47,0.11953914975515367,-0.007227130244325414,2.9462 -1.1530 1.4359 -1.8381 -1.5702 -1.6697
010000,bread_loaf,6,8006,collect the loaf of bread and place it in the basket,0,0,0.8586282392598662,0.017368892760951056,1.043193179550833,0.8251638176085014,0.019565397726842258,1.0432957944283203,0.2399522266045138,-7.762393294148086e-07,0.47,0.016699285353172,-0.005843922006671354,2.9450 -1.1780 1.4343 -1.8348 -1.5686 -1.6706
010000,bread_loaf,7,8007,put the loaf of bread into the basket,0,0,0.897733274476169,0.015903636900616323,1.043193179550833,0.8964558708678619,0.028953476630672288,1.0433597701314703,0.2399522266045138,-7.762393294148086e-07,0.47,0.016857461154958564,-0.00944992380658795,2.9464 -1.1501 1.4171 -1.8431 -1.5698 -1.6607
010000,bread_loaf,8,8008,pick the loaf of bread off the shelf and put it in the basket,1,1,0.8667922915427633,-0.013165385740074599,1.043193179550833,0.20654332301841621,0.04385438146774563,0.5012799984600466,0.2399522266045138,-7.762393294148086e-07,0.47,0.11295719108222069,-0.02996393619365667,2.9195 -1.1620 1.4483 -1.8368 -1.5693 -1.6878
010000,bread_loaf,9,8009,collect the loaf of bread and place it in the basket,1,0,0.8593080450384041,0.0006514063681209888,1.043193179550833,0.6498478206001198,-0.013916481032329174,0.023249284854154388,0.2399522266045138,-7.762393294148086e-07,0.47,0.08894138359321158,-0.03430858972262822,2.9158 -1.1748 1.4310 -1.8394 -1.5704 -1.6515
010000,bread_loaf,10,8010,put the loaf of bread into the basket,0,0,0.8993728607687083,-0.002242744376170197,1.043193179550833,0.8680944850505143,0.014224247637251377,1.0432624633586258,0.2399522266045138,-7.762393294148086e-07,0.47,0.009948664850618627,-0.02638808659419107,2.9264 -1.1397 1.4170 -1.8134 -1.5707 -1.7062
010000,bread_loaf,11,8011,collect the loaf of bread and place it in the basket,0,0,0.8880555986133731,0.021012438212073714,1.043193179550833,0.8880555986673057,0.021012438212073714,1.0432502980288136,0.2399522266045138,-7.762393294148086e-07,0.47,5.711847798073322e-05,-0.02074603251557856,2.9307 -1.1563 1.4403 -1.8448 -1.5695 -1.6940
010000,bread_loaf,12,8012,grab the loaf of bread and put it in the basket,0,0,0.8993568994058095,0.01906026951651909,1.043193179550833,0.8993568994597424,0.01906026951651909,1.0432502980288139,0.2399522266045138,-7.762393294148086e-07,0.47,5.711847798095526e-05,-0.029742524453940516,2.9196 -1.1645 1.4540 -1.8439 -1.5697 -1.7053
010000,bread_loaf,13,8013,collect the loaf of bread and place it in the basket,0,0,0.8919166957768548,-0.00355762503499011,1.043193179550833,0.8481465930309101,0.03309942170837799,1.043375888702878,0.2399522266045138,-7.762393294148086e-07,0.47,0.02335054852609275,-0.02840851388002363,2.9221 -1.1577 1.4399 -1.8350 -1.5705 -1.7127
010000,bread_loaf,14,8014,pick up the loaf of bread and place it in the basket,1,1,0.8643146555506145,0.004954567523332187,1.043193179550833,0.18886361573600732,0.027237823733443144,0.5013677822382308,0.2399522266045138,-7.762393294148086e-07,0.47,0.0976024430076401,0.0015344918996148202,2.9495 -1.1764 1.4438 -1.8378 -1.5695 -1.6802
010000,bread_loaf,15,8015,take the loaf of bread and drop it in the basket,0,0,0.902855239203538,0.015414351839533415,1.043193179550833,0.8680569779340602,0.030585010813913842,1.0432845459191222,0.2399522266045138,-7.762393294148086e-07,0.47,0.01002641453511477,-0.005057540113148359,2.9488 -1.1498 1.4408 -1.8398 -1.5707 -1.6808
010000,bread_loaf,16,8016,grab the loaf of bread and put it in the basket,1,1,0.8737287692531139,-0.0023727754503070457,1.043193179550833,0.17096904669202204,0.06973133329217455,0.5013584681247655,0.2399522266045138,-7.762393294148086e-07,0.47,0.10863817674791942,-0.01921352469007424,2.9322 -1.1564 1.4358 -1.8272 -1.5713 -1.6749
010000,bread_loaf,17,8017,put the loaf of bread into the basket,1,1,0.883515161882692,-0.006703131962191047,1.043193179550833,0.22118319137410963,0.038159725329611066,0.5012726145128652,0.2399522266045138,-7.762393294148086e-07,0.47,0.10803797071782939,-0.017973580665473048,2.9344 -1.1516 1.4294 -1.8206 -1.5696 -1.6796
010000,bread_loaf,18,8018,collect the loaf of bread and place it in the basket,1,1,0.8625248945620373,0.003932181760066801,1.043193179550833,0.1803990992644379,0.04890930546227653,0.5012664157338341,0.2399522266045138,-7.762393294148086e-07,0.47,0.09621255676879126,-0.015655100158848464,2.9322 -1.1712 1.4399 -1.8513 -1.5693 -1.6931
010000,bread_loaf,19,8019,collect the loaf of bread and place it in the basket,0,0,0.898730402296927,0.01465150628107198,1.043193179550833,0.8550600723375454,0.02179384004220528,1.043360375969113,0.2399522266045138,-7.762393294148086e-07,0.47,0.012355733656313372,-0.016217223123446686,2.9360 -1.1500 1.4542 -1.8540 -1.5710 -1.6763
015000,cola_can,0,5000,take the can of cola and drop it in the basket,1,1,0.8727738124070996,-0.11481010011971403,1.060294164090919,0.21421678348441153,0.029875000706522006,0.5183253193464554,0.23995195107345949,7.857063672973423e-06,0.47,0.11587185717327775,-0.11976386210197404,2.8236 -1.1568 1.4039 -1.7983 -1.5702 -1.7825
015000,cola_can,1,5001,pick up the can of cola and place it in the basket,0,0,0.8935688661522325,-0.15172020205256764,1.0602941641089438,0.8941865905769445,-0.1483309049028293,1.0603284605491807,0.2399522266045138,-7.762393294148082e-07,0.47,0.004430919315463022,-0.1057818883839286,2.8393 -1.1514 1.3983 -1.7930 -1.5712 -1.7699
015000,cola_can,2,5002,collect the can of cola and place it in the basket,1,1,0.8933249712031013,-0.14197897758312436,1.0602941641089438,0.2152482042116347,0.007889791339581467,0.5183277582643703,0.2399522266045138,-7.762393294148082e-07,0.47,0.10639692885006369,-0.12014446241374366,2.8266 -1.1424 1.3675 -1.7841 -1.5698 -1.7995
015000,cola_can,3,5003,grab the can of cola and put it in the basket,1,0,0.8614742788450557,-0.12981086907860673,1.0602941640904724,0.1368722814628161,0.032376186535629355,0.515890295876598,0.2399522266045138,-7.762393294148082e-07,0.47,0.1059018475969895,-0.11533563545423431,2.8259 -1.1663 1.4082 -1.8019 -1.5697 -1.8040
015000,cola_can,4,5004,pick up the can of cola and place it in the basket,1,0,0.8787883014192989,-0.14717012540773833,1.0602941640911567,0.5712916251743917,0.045219397913581004,0.024822145389839477,0.2399522266045138,-7.762393294148082e-07,0.47,0.09945005131394025,-0.11473726486304792,2.8272 -1.1684 1.4096 -1.7910 -1.5704 -1.7915
015000,cola_can,5,5005,collect the can of cola and place it in the basket,1,0,0.8815602691107215,-0.14210550814436806,1.0602941640912664,0.3337504919329563,0.016650302483574998,0.5081759464753532,0.2399522266045138,-7.762393294148082e-07,0.47,0.10236621267503443,-0.11020269020541079,2.8323 -1.1684 1.4115 -1.7994 -1.5703 -1.7947
015000,cola_can,6,5006,grab the can of cola and put it in the basket,1,1,0.8773687233434786,-0.13031750904484266,1.0602941640911006,0.17096509268339874,-0.008832508247405902,0.5028029322984306,0.2399522266045138,-7.762393294148082e-07,0.47,0.1203784783535291,-0.11159321640598435,2.8307 -1.1653 1.4097 -1.7940 -1.5703 -1.7756
015000,cola_can,7,5007,put the can of cola into the basket,0,0,0.8550388896507713,-0.1492094480229422,1.060294164090218,0.855037867260494,-0.14830099074244227,1.0603251519367665,0.2399522266045138,-7.762393294148082e-07,0.47,0.0019968810493071754,-0.11281472680505653,2.8312 -1.1526 1.4044 -1.8065 -1.5708 -1.7828
015000,cola_can,8,5008,collect the can of cola and place it in the basket,1,1,0.8647520937799271,-0.11774549312752046,1.0602941640906018,0.16934317075754915,0.07308097952342481,0.5112934207656274,0.2399522266045138,-7.762393294148082e-07,0.47,0.11707129015036899,-0.11560618905232298,2.8253 -1.1699 1.4177 -1.8043 -1.5705 -1.8157
015000,cola_can,9,5009,take the can of cola and drop it in the basket,1,1,0.8886171223688927,-0.1237846819787691,1.0602941640915455,0.20305911241303853,0.01681904366984268,0.5183155039179301,0.2399522266045138,-7.762393294148082e-07,0.47,0.1067211973216673,-0.1118115189488848,2.8357 -1.1480 1.3847 -1.8044 -1.5699 -1.7967
015000,cola_can,10,5010,grab the can of cola and put it in the basket,1,1,0.8556445982204492,-0.11790554264102862,1.060294164090242,0.19180172519241961,0.03985292513305012,0.5183318796970303,0.2399522266045138,-7.762393294148082e-07,0.47,0.09852357627653041,-0.11738626907138239,2.8229 -1.1695 1.4189 -1.8075 -1.5712 -1.7815
015000,cola_can,11,5011,pick up the can of cola and place it in the basket,1,1,0.8716112802072584,-0.12977032110124845,1.0602941640908732,0.19582782993463502,0.010162483757053187,0.5183301174670892,0.2399522266045138,-7.762393294148082e-07,0.47,0.09860683707511608,-0.11296895630310796,2.8320 -1.1564 1.3852 -1.7945 -1.5702 -1.8038
015000,cola_can,12,5012,grab the can of cola and put it in the basket,1,1,0.9041519758196553,-0.14221689425252998,1.0602941640921595,0.20727334486390941,-0.004950174752954073,0.5183250374853116,0.2399522266045138,-7.762393294148082e-07,0.47,0.09032379045303895,-0.1162335671125717,2.8291 -1.1721 1.3866 -1.8291 -1.5705 -1.7898
015000,cola_can,13,5013,grab the can of cola and put it in the basket,1,1,0.8920712235771041,-0.14066920559388682,1.0602941640916819,0.3260042297507086,0.01052390224743984,0.5029070824261886,0.2399522266045138,-7.762393294148082e-07,0.47,0.1187862815322831,-0.12114738535072117,2.8211 -1.1546 1.3950 -1.7850 -1.5701 -1.7796
015000,cola_can,14,5014,take the can of cola and drop it in the basket,1,1,0.89349269966227,-0.12240391507752833,1.060294164091738,0.2005016575647988,0.026310353704048446,0.5183296059380961,0.2399522266045138,-7.762393294148082e-07,0.47,0.10425847370265462,-0.11796604218911014,2.8255 -1.1616 1.4005 -1.7827 -1.5704 -1.7821
015000,cola_can,15,5015,pick the can of cola off the shelf and put it in the basket,1,0,0.8566199652897468,-0.14318110407915663,1.0602941640902805,0.12677955909677333,-0.035020653180865405,0.5213698469471669,0.2399522266045138,-7.762393294148082e-07,0.47,0.10177979557807282,-0.11620799277441421,2.8249 -1.1697 1.4119 -1.7920 -1.5702 -1.7904
015000,cola_can,16,5016,collect the can of cola and place it in the basket,1,0,0.9028063486567656,-0.14133387680721482,1.0602941640921062,0.9749119932999785,-0.1289107930061379,1.0447396625637129,0.2399522266045138,-7.762393294148082e-07,0.47,0.05067938619658774,-0.13248692856784938,2.8103 -1.1829 1.3772 -1.7912 -1.5703 -1.7918
015000,cola_can,17,5017,pick up the can of cola and place it in the basket,0,0,0.8964211806274422,-0.12625913184276777,1.0602941641089438,0.3864959790155181,-0.5366482434312781,0.024779760819259523,0.2399522266045138,-7.762393294148082e-07,0.47,0.016777149760778265,-0.1068000666515703,2.8391 -1.1503 1.3838 -1.7795 -1.5699 -1.7601
015000,cola_can,18,5018,take the can of cola and drop it in the basket,1,1,0.8739996439035349,-0.11272133313244939,1.0602941640909676,0.21469510724901156,0.02556831126430497,0.5183273260785116,0.2399522266045138,-7.762393294148082e-07,0.47,0.11028663501470248,-0.10966834367480699,2.8355 -1.1490 1.3879 -1.7855 -1.5698 -1.7666
015000,cola_can,19,5019,grab the can of cola and put it in the basket,1,1,0.8643749467961824,-0.14175106156628423,1.0602941640905872,0.2199272832892111,-0.00718216180674267,0.5183294048841697,0.2399522266045138,-7.762393294148082e-07,0.47,0.10849568532226916,-0.11316563643132657,2.8273 -1.1725 1.4328 -1.8145 -1.5710 -1.7870
015000,water_bottle,0,6000,collect the water bottle and place it in the basket,1,1,0.9041209054391616,0.3389401102410776,1.0848438660151656,0.20556893586601835,-0.0071110539802521225,0.5036671346030974,0.2399522266045138,-7.762393294148095e-07,0.47,0.08260574612071814,0.31254794563271665,3.2897 -1.0612 1.1585 -1.6511 -1.5700 -1.3206
015000,water_bottle,1,6001,pick the water bottle off the shelf and put it in the basket,1,1,0.893575842399691,0.339413724217704,1.0848438660151656,0.20010548969304812,0.010254437832749898,0.5036558882498455,0.2399522266045138,-7.762393294148095e-07,0.47,0.07608743294778364,0.31680737675623355,3.2957 -1.0691 1.1586 -1.6353 -1.5705 -1.3120
015000,water_bottle,2,6002,put the water bottle into the basket,1,1,0.8755756761160525,0.3302752553011226,1.0848438660151656,0.2230234085219388,0.006104457772989794,0.542945093481548,0.2399522266045138,-7.762393294148095e-07,0.47,0.07183341633873419,0.32015438376322825,3.3012 -1.0829 1.1676 -1.6503 -1.5702 -1.3155
015000,water_bottle,3,6003,take the water bottle and drop it in the basket,1,1,0.884483793819224,0.3471443325477995,1.0848438660151656,0.16887650558674047,0.07776858119920763,0.5425022291075987,0.2399522266045138,-7.762393294148095e-07,0.47,0.09083363638577602,0.32637216504487143,3.3064 -1.0710 1.1685 -1.6442 -1.5698 -1.2918
015000,water_bottle,4,6004,pick the water bottle off the shelf and put it in the basket,0,0,0.867075690401742,0.3339849360086041,1.0848438660151656,0.9180020240111249,0.41135326969803315,1.0456631428294534,0.2399522266045138,-7.762393294148095e-07,0.47,0.006267305444157989,0.3116293198512822,3.2907 -1.0699 1.1897 -1.6589 -1.5698 -1.3259
015000,water_bottle,5,6005,grab the water bottle and put it in the basket,0,0,0.8595303079147457,0.35441781387103555,1.0848438660151656,0.9678785174170152,0.3914281277389257,1.0456668313797024,0.2399522266045138,-7.762393294148095e-07,0.47,0.005602340819461871,0.31670177121612264,3.2955 -1.0654 1.1638 -1.6661 -1.5713 -1.3170
015000,water_bottle,6,6006,pick the water bottle off the shelf and put it in the basket,1,1,0.9041914958377107,0.35793900924218314,1.0848438660151656,0.20413327538945727,0.05791670668416564,0.5464034010041227,0.2399522266045138,-7.762393294148095e-07,0.47,0.07675998009090135,0.3289126523233071,3.3087 -1.0733 1.1675 -1.6357 -1.5698 -1.2948
015000,water_bottle,7,6007,grab the water bottle and put it in the basket,1,1,0.8738191181878247,0.3449414619050775,1.0848438660151656,0.2755902766439625,0.03813165949973787,0.5277763759835924,0.2399522266045138,-7.762393294148095e-07,0.47,0.075933461861734,0.3136482108180294,3.2932 -1.0698 1.1507 -1.6407 -1.5707 -1.3239
015000,water_bottle,8,6008,grab the water bottle and put it in the basket,0,0,0.8625992472211589,0.34621914841878226,1.0848438660151656,0.883117444306321,0.3394608534385961,1.0848958486045868,0.2399522266045138,-7.762393294148095e-07,0.47,0.036006656859319364,0.3088216775990803,3.2895 -1.0786 1.1658 -1.6394 -1.5717 -1.3166
015000,water_bottle,9,6009,grab the water bottle and put it in the basket,1,1,0.881679584516237,0.3391687052154724,1.0848438660151656,0.32493717047069637,-0.0016736241879376204,0.5476733585782069,0.2399522266045138,-7.762393294148095e-07,0.47,0.07812910419209773,0.3155091232166559,3.2942 -1.0724 1.1537 -1.6406 -1.5691 -1.3054
015000,water_bottle,10,6010,pick the water bottle off the shelf and put it in the basket,0,0,0.8965540359709412,0.3617408655149852,1.0848438660151656,0.892852286261763,0.3551651234781423,1.0848961992001567,0.2399522266045138,-7.762393294148095e-07,0.47,0.004040531552564897,0.322057615764031,3.3025 -1.0720 1.1800 -1.6333 -1.5696 -1.3054
015000,water_bottle,11,6011,put the water bottle into the basket,1,1,0.8835126500383532,0.33598051451179317,1.0848438660151656,0.23431492208995502,0.0595483306541632,0.5477235772889085,0.2399522266045138,-7.762393294148095e-07,0.47,0.07869637902779969,0.3163806548947465,3.2953 -1.0883 1.1777 -1.6609 -1.5700 -1.3206
015000,water_bottle,12,6012,put the water bottle into the basket,1,1,0.888906362299204,0.3329100901791109,1.0848438660151656,0.22718754028479762,0.01835582267065654,0.5442666344200395,0.2399522266045138,-7.762393294148095e-07,0.47,0.08448736210392327,0.31991501987508864,3.2999 -1.0597 1.1328 -1.6411 -1.5711 -1.3053
015000,water_bottle,13,6013,put the water bottle into the basket,1,0,0.8936163278055489,0.3579298587990566,1.0848438660151656,0.8868766829260466,-0.07788470811819961,0.06565622480248624,0.2399522266045138,-7.762393294148095e-07,0.47,0.09716883456376357,0.3178453324164098,3.2963 -1.0569 1.1787 -1.6579 -1.5704 -1.3341
015000,water_bottle,14,6014,put the water bottle into the basket,1,1,0.9030027613410161,0.3344448210571823,1.0848438660151656,0.23577343313864568,0.002771152437891236,0.5432736872669829,0.2399522266045138,-7.762393294148095e-07,0.47,0.09072153867149213,0.32569923458633443,3.3125 -1.0806 1.1615 -1.6459 -1.5718 -1.2987
015000,water_bottle,15,6015,pick up the water bottle and place it in the basket,1,1,0.8864623749571913,0.32076356950259083,1.0848438660151656,0.21075221934239174,-0.0004345591950942029,0.5447249103969319,0.2399522266045138,-7.762393294148095e-07,0.47,0.0840923498711652,0.31384089481534533,3.2935 -1.0777 1.1574 -1.6346 -1.5703 -1.3014
015000,water_bottle,16,6016,put the water bottle into the basket,1,0,0.8762490100955125,0.35784519365356315,1.0848438660151656,0.908165383357233,0.37917156607214264,1.0848965640829222,0.2399522266045138,-7.762393294148095e-07,0.47,0.06908070679473655,0.3151540886522409,3.2928 -1.0670 1.1753 -1.6571 -1.5703 -1.2980
015000,water_bottle,17,6017,grab the water bottle and put it in the basket,1,0,0.8917204946264397,0.3539630976472238,1.0848438660151656,0.3429930418799297,0.0642337287904046,0.5485133251383546,0.2399522266045138,-7.762393294148095e-07,0.47,0.097678958293413,0.3248159759117339,3.3033 -1.0663 1.1718 -1.6533 -1.5697 -1.2931
015000,water_bottle,18,6018,put the water bottle into the basket,1,1,0.8590573475607802,0.32125019791313136,1.0848438660151656,0.21656728066163813,-0.012214563337213092,0.5420870400284146,0.2399522266045138,-7.762393294148095e-07,0.47,0.07924813874299885,0.3317913289686296,3.3107 -1.0702 1.1389 -1.6230 -1.5703 -1.3030
015000,water_bottle,19,6019,collect the water bottle and place it in the basket,1,1,0.8610070702669523,0.34532321349624545,1.0848438660151656,0.22134483547600567,-0.036113538177142315,0.5250451858659281,0.2399522266045138,-7.762393294148095e-07,0.47,0.07550923934972098,0.31463795921337007,3.2961 -1.0878 1.1767 -1.6450 -1.5714 -1.3066
015000,milk_carton,0,7000,collect the milk carton and place it in the basket,1,1,0.8963688122595413,-0.23894059295397496,1.0807841105186855,0.20987452133607357,0.025323825712463274,0.5424568393514483,0.2399522266045138,-7.762393294148091e-07,0.47,0.06564185074185169,-0.23888513148339308,2.7028 -1.1478 1.2966 -1.7557 -1.5683 -1.8940
015000,milk_carton,1,7001,pick the milk carton off the shelf and put it in the basket,1,1,0.8919360030332666,-0.2539710100450298,1.0807841105186855,0.21276210618668295,-0.008435155754622267,0.5385784593769462,0.2399522266045138,-7.762393294148091e-07,0.47,0.06722202738723237,-0.23106209423432167,2.7131 -1.1389 1.2943 -1.7586 -1.5689 -1.9166
015000,milk_carton,2,7002,grab the milk carton and put it in the basket,0,0,0.8910214178214123,-0.2779304236139311,1.0807841105186855,0.8909049459583529,-0.3603121057468833,1.0399792942545198,0.2399522266045138,-7.762393294148091e-07,0.47,0.0033388223294985586,-0.24088705320392487,2.6961 -1.1409 1.3247 -1.7323 -1.5702 -1.8927
015000,milk_carton,3,7003,grab the milk carton and put it in the basket,1,1,0.8628115483579453,-0.2532998426500792,1.0807841105186855,0.19645257192617938,0.026370793754520998,0.5411997522573393,0.2399522266045138,-7.762393294148091e-07,0.47,0.07460592272186117,-0.251159576577871,2.6875 -1.1530 1.3022 -1.7445 -1.5691 -1.9029
015000,milk_carton,4,7004,pick up the milk carton and place it in the basket,1,1,0.8719052015848852,-0.23847752986775533,1.0807841105186886,0.2552917898949863,0.05889889814234264,0.4979344887863204,0.2399522266045138,-7.762393294148091e-07,0.47,0.06608652968994955,-0.24146863851568617,2.6984 -1.1506 1.3002 -1.7547 -1.5684 -1.8807
015000,milk_carton,5,7005,pick up the milk carton and place it in the basket,1,0,0.8994556524201873,-0.2609450254924106,1.0807841105186855,0.46659934341717857,-0.5915719608602424,0.019857201787835753,0.2399522266045138,-7.762393294148091e-07,0.47,0.09069597472738034,-0.231983177551063,2.7113 -1.1289 1.2779 -1.7261 -1.5682 -1.8871
015000,milk_carton,6,7006,take the milk carton and drop it in the basket,0,0,0.8902771077635864,-0.280927929971682,1.0807841105186855,0.89204363555624,-0.27818395277693464,1.0810573376018888,0.2399522266045138,-7.762393294148091e-07,0.47,0.0017122939342317789,-0.23730437761372655,2.7072 -1.1144 1.2959 -1.7336 -1.5701 -1.8975
015000,milk_carton,7,7007,put the milk carton into the basket,1,1,0.895873928655557,-0.2547653664513793,1.0807841105186855,0.21393807444470073,0.013847487950267082,0.5393549146046621,0.2399522266045138,-7.762393294148091e-07,0.47,0.06669000514796597,-0.23373226907026448,2.6999 -1.1532 1.3060 -1.7551 -1.5661 -1.9207
015000,milk_carton,8,7008,pick the milk carton off the shelf and put it in the basket,1,1,0.9027015087909656,-0.2601157244894586,1.0807841105186855,0.222389843090138,0.005384335219832465,0.5436771206476828,0.2399522266045138,-7.762393294148091e-07,0.47,0.06228391217292306,-0.24679254175300328,2.6973 -1.1302 1.2688 -1.7417 -1.5689 -1.9017
015000,milk_carton,9,7009,grab the milk carton and put it in the basket,0,0,0.8761630093898529,-0.2657028044819068,1.0807841105186855,0.7923138750136584,-0.27715157855824807,1.0399089607460137,0.2399522266045138,-7.762393294148091e-07,0.47,0.005968315743716479,-0.23442271500231443,2.7097 -1.1329 1.2898 -1.7485 -1.5696 -1.8902
015000,milk_carton,10,7010,pick the milk carton off the shelf and put it in the basket,1,1,0.8701109691660596,-0.24825719684570244,1.0807841105186855,0.20505908772942344,0.02073808051822636,0.5438908202937801,0.2399522266045138,-7.762393294148091e-07,0.47,0.054348962383403476,-0.2443149875252429,2.6948 -1.1523 1.3008 -1.7641 -1.5676 -1.9208
015000,milk_carton,11,7011,collect the milk carton and place it in the basket,1,1,0.8806652497022245,-0.2573589904539627,1.0807841105186855,0.21317372327114345,0.00740174016071133,0.5438146535447601,0.2399522266045138,-7.762393294148091e-07,0.47,0.06793739644068886,-0.24638554405980068,2.6980 -1.1357 1.2780 -1.7495 -1.5686 -1.9165
015000,milk_carton,12,7012,pick the milk carton off the shelf and put it in the basket,1,1,0.8924057084886737,-0.25918237418411727,1.0807841105186855,0.2144132684716237,0.01236563837741032,0.543014775154912,0.2399522266045138,-7.762393294148091e-07,0.47,0.06746140015347413,-0.25244933036450506,2.6895 -1.1408 1.2839 -1.7395 -1.5684 -1.9035
015000,milk_carton,13,7013,pick up the milk carton and place it in the basket,0,0,0.8918694674311353,-0.2817547969253365,1.0807841105186855,0.889830686323417,-0.35810479947218044,1.0399547591388123,0.2399522266045138,-7.762393294148091e-07,0.47,0.004159414135156192,-0.23621601926085486,2.7082 -1.1155 1.2874 -1.7185 -1.5697 -1.8900
015000,milk_carton,14,7014,pick up the milk carton and place it in the basket,0,0,0.8910540237584624,-0.26446556320823156,1.0807841105186855,0.8910524348089768,-0.3422088454831899,1.0399653117076881,0.2399522266045138,-7.762393294148091e-07,0.47,0.0039426501159929295,-0.22721029235058854,2.7158 -1.1279 1.3037 -1.7414 -1.5701 -1.8982
015000,milk_carton,15,7015,collect the milk carton and place it in the basket,1,0,0.8940806217796278,-0.26682063258900013,1.0807841105186855,0.5804721674827175,-0.34426273143321595,0.019857857511232823,0.2399522266045138,-7.762393294148091e-07,0.47,0.07491989878643346,-0.2369473401173789,2.7001 -1.1366 1.2855 -1.7431 -1.5665 -1.9090
015000,milk_carton,16,7016,put the milk carton into the basket,1,1,0.8716944072982507,-0.2453634714270807,1.0807841105186855,0.25691472725721903,0.05283274313739991,0.49792403314524963,0.2399522266045138,-7.762393294148091e-07,0.47,0.06509798306478576,-0.24288877494533478,2.6989 -1.1438 1.2874 -1.7391 -1.5690 -1.8842
015000,milk_carton,17,7017,put the milk carton into the basket,0,0,0.8690638177063306,-0.26680792407865245,1.0807841105186855,0.8692834707336098,-0.3492832754643881,1.039916409265847,0.2399522266045138,-7.762393294148091e-07,0.47,0.0035848685687183135,-0.2421200719706445,2.7001 -1.1397 1.2913 -1.7507 -1.5695 -1.9266
015000,milk_carton,18,7018,take the milk carton and drop it in the basket,0,0,0.8851319704534371,-0.25855472073398605,1.0807841105186855,0.8905070920451875,-0.2583348306162769,1.0810555583244723,0.2399522266045138,-7.762393294148091e-07,0.47,0.0067827339928694386,-0.23249259782333426,2.7117 -1.1323 1.2835 -1.7367 -1.5686 -1.9017
015000,milk_carton,19,7019,take the milk carton and drop it in the basket,0,0,0.8840873730190387,-0.26978869206250095,1.0807841105186855,0.8814558982126587,-0.35109801174582367,1.0399187089388107,0.2399522266045138,-7.762393294148091e-07,0.47,0.0033627533456306313,-0.23331696091318152,2.7100 -1.1317 1.3040 -1.7418 -1.5689 -1.8920
015000,bread_loaf,0,8000,pick up the loaf of bread and place it in the basket,1,1,0.8746219813820072,0.003226236519858282,1.043193179550833,0.19615144480173502,0.03321181960582332,0.5012829071582747,0.2399522266045138,-7.762393294148086e-07,0.47,0.11621734237266046,0.005231272494740926,2.9594 -1.1516 1.4337 -1.8240 -1.5687 -1.6581
015000,bread_loaf,1,8001,grab the loaf of bread and put it in the basket,1,0,0.8782091024747132,0.021224213690868958,1.043193179550833,0.5228375951511517,0.5238351599172325,0.023249284854154395,0.2399522266045138,-7.762393294148086e-07,0.47,0.10961217733800344,0.0017453304510195108,2.9526 -1.1626 1.4583 -1.8357 -1.5683 -1.6736
015000,bread_loaf,2,8002,pick up the loaf of bread and place it in the basket,1,1,0.8902334868798544,-0.011693412716367035,1.043193179550833,0.1693915248513864,0.06295340017175019,0.498035847699194,0.2399522266045138,-7.762393294148086e-07,0.47,0.13900704565101774,0.003485150710051258,2.9558 -1.1606 1.4485 -1.8313 -1.5687 -1.6376
015000,bread_loaf,3,8003,pick up the loaf of bread and place it in the basket,1,1,0.8638160955225341,0.01311922929569552,1.043193179550833,0.22805993200502128,0.07505860358493682,0.49802903026949275,0.2399522266045138,-7.762393294148086e-07,0.47,0.15051999873075705,0.0007796686287117349,2.9537 -1.1520 1.4382 -1.8223 -1.5694 -1.6622
015000,bread_loaf,4,8004,take the loaf of bread and drop it in the basket,1,1,0.8737279874804992,0.00809949543870711,1.043193179550833,0.21864656804129345,0.02897103553817203,0.5012727626954242,0.2399522266045138,-7.762393294148086e-07,0.47,0.1404505533861211,0.00356479672064574,2.9585 -1.1426 1.4150 -1.8070 -1.5691 -1.6558
015000,bread_loaf,5,8005,take the loaf of bread and drop it in the basket,1,1,0.8883251141816185,0.002292491928265271,1.043193179550833,0.20542498752591695,0.020903699136428595,0.5012746806897632,0.2399522266045138,-7.762393294148086e-07,0.47,0.11638985782794053,0.012439010075280525,2.9676 -1.1529 1.4321 -1.8242 -1.5696 -1.6524
015000,bread_loaf,6,8006,collect the loaf of bread and place it in the basket,1,1,0.8586282392598662,0.017368892760951056,1.043193179550833,0.1964042874596552,0.028594726999181787,0.5012569274188158,0.2399522266045138,-7.762393294148086e-07,0.47,0.11030791367868753,0.01856759549680224,2.9686 -1.1722 1.4271 -1.8280 -1.5683 -1.6459
015000,bread_loaf,7,8007,put the loaf of bread into the basket,1,1,0.897733274476169,0.015903636900616323,1.043193179550833,0.2227106645806316,0.03196704110869852,0.5012935462993561,0.2399522266045138,-7.762393294148086e-07,0.47,0.11455560419473931,0.005588939520753256,2.9634 -1.1583 1.4095 -1.8254 -1.5696 -1.6484
015000,bread_loaf,8,8008,pick the loaf of bread off the shelf and put it in the basket,1,0,0.8667922915427633,-0.013165385740074599,1.043193179550833,0.20600115460303484,0.005906918024978023,0.6001029927057699,0.2399522266045138,-7.762393294148086e-07,0.47,0.14267064561442555,-0.005503138985052233,2.9467 -1.1560 1.4412 -1.8324 -1.5689 -1.6815
015000,bread_loaf,9,8009,collect the loaf of bread and place it in the basket,1,0,0.8593080450384041,0.0006514063681209888,1.043193179550833,0.14403653385021992,-0.05967637875707077,0.501295338535402,0.2399522266045138,-7.762393294148086e-07,0.47,0.1018959725117603,0.0007085215889055998,2.9513 -1.1713 1.4199 -1.8269 -1.5687 -1.6537
015000,bread_loaf,10,8010,put the loaf of bread into the basket,1,1,0.8993728607687083,-0.002242744376170197,1.043193179550833,0.22864742838309227,0.03591300687877249,0.5012740052211004,0.2399522266045138,-7.762393294148086e-07,0.47,0.12638846560541683,-0.008517386809745236,2.9480 -1.1447 1.4092 -1.8144 -1.5700 -1.6830
015000,bread_loaf,11,8011,collect the loaf of bread and place it in the basket,1,0,0.8880555986133731,0.021012438212073714,1.043193179550833,0.25624997410444644,0.8671991087912779,0.019980533354704528,0.2399522266045138,-7.762393294148086e-07,0.47,0.14692522706650313,0.0012158025838944224,2.9552 -1.1505 1.4292 -1.8247 -1.5690 -1.6590
015000,bread_loaf,12,8012,grab the loaf of bread and put it in the basket,0,0,0.8993568994058095,0.01906026951651909,1.043193179550833,0.8925897688991137,0.037486216905131445,1.0432808295218787,0.2399522266045138,-7.762393294148086e-07,0.47,0.013094640352245168,-0.004386394381664044,2.9465 -1.1631 1.4516 -1.8302 -1.5691 -1.6813
015000,bread_loaf,13,8013,collect the loaf of bread and place it in the basket,1,1,0.8919166957768548,-0.00355762503499011,1.043193179550833,0.1723268500790347,0.038104179586813676,0.5013744315341209,0.2399522266045138,-7.762393294148086e-07,0.47,0.11753517178284345,-0.00344607456294282,2.9495 -1.1552 1.4320 -1.8230 -1.5694 -1.6888
015000,bread_loaf,14,8014,pick up the loaf of bread and place it in the basket,1,1,0.8643146555506145,0.004954567523332187,1.043193179550833,0.21330355929491485,0.019854804021362516,0.5012893123356514,0.2399522266045138,-7.762393294148086e-07,0.47,0.13397784241732102,0.009666170909238811,2.9631 -1.1578 1.4455 -1.8259 -1.5693 -1.6629
015000,bread_loaf,15,8015,take the loaf of bread and drop it in the basket,1,1,0.902855239203538,0.015414351839533415,1.043193179550833,0.20124686298156225,0.07752301840115398,0.49803935650434056,0.2399522266045138,-7.762393294148086e-07,0.47,0.1115611574425599,0.007876538036779271,2.9666 -1.1601 1.4152 -1.8342 -1.5701 -1.6499
015000,bread_loaf,16,8016,grab the loaf of bread and put it in the basket,1,0,0.8737287692531139,-0.0023727754503070457,1.043193179550833,0.20382321748964607,0.08348341651430723,0.5063462877964243,0.2399522266045138,-7.762393294148086e-07,0.47,0.1252852828524258,0.0014588679528626236,2.9545 -1.1573 1.4354 -1.8193 -1.5698 -1.6629
015000,bread_loaf,17,8017,put the loaf of bread into the basket,1,1,0.883515161882692,-0.006703131962191047,1.043193179550833,0.18032298468691035,0.023371227425613126,0.5013711556241667,0.2399522266045138,-7.762393294148086e-07,0.47,0.12416908856469311,0.0016841971909284771,2.9556 -1.1495 1.4228 -1.8101 -1.5689 -1.6527
015000,bread_loaf,18,8018,collect the loaf of bread and place it in the basket,1,0,0.8625248945620373,0.003932181760066801,1.043193179550833,0.12077484859749385,0.03074784548290516,0.5013615949224209,0.2399522266045138,-7.762393294148086e-07,0.47,0.10520643782826866,0.00816772876339256,2.9585 -1.1714 1.4300 -1.8363 -1.5687 -1.6697
015000,bread_loaf,19,8019,collect the loaf of bread and place it in the basket,1,0,0.898730402296927,0.01465150628107198,1.043193179550833,0.14981250500502127,0.08075076180598277,0.5096177803397611,0.2399522266045138,-7.762393294148086e-07,0.47,0.1207641158989412,-0.00022218565129951406,2.9557 -1.1606 1.4305 -1.8516 -1.5690 -1.6682
020000,cola_can,0,5000,take the can of cola and drop it in the basket,1,1,0.8727738124070996,-0.11481010011971403,1.060294164090919,0.22114343144918852,0.025596652601208792,0.5183277795735399,0.23995195107345949,7.857063672973423e-06,0.47,0.10604883995371028,-0.12400249446325048,2.8180 -1.1519 1.3970 -1.7931 -1.5699 -1.8150
020000,cola_can,1,5001,pick up the can of cola and place it in the basket,0,0,0.8935688661522325,-0.15172020205256764,1.0602941641089438,0.8871605371678055,-0.15579447082419504,1.0603305236427496,0.2399522266045138,-7.762393294148082e-07,0.47,0.0058450102724332265,-0.11432794261583126,2.8322 -1.1424 1.3849 -1.7919 -1.5710 -1.7800
020000,cola_can,2,5002,collect the can of cola and place it in the basket,1,1,0.8933249712031013,-0.14197897758312436,1.0602941641089438,0.22818810019084332,0.013549302201062888,0.5183323839701716,0.2399522266045138,-7.762393294148082e-07,0.47,0.10796081184091522,-0.12773444341162477,2.8197 -1.1303 1.3596 -1.7767 -1.5701 -1.7949
020000,cola_can,3,5003,grab the can of cola and put it in the basket,1,1,0.8614742788450557,-0.12981086907860673,1.0602941640904724,0.19660369223037985,0.022413803756616116,0.5183740075110416,0.2399522266045138,-7.762393294148082e-07,0.47,0.09192835795138055,-0.12379860594176412,2.8166 -1.1559 1.4028 -1.8009 -1.5701 -1.8216
020000,cola_can,4,5004,pick up the can of cola and place it in the basket,1,1,0.8787883014192989,-0.14717012540773833,1.0602941640911567,0.21150698867335227,-0.004213517743984618,0.5183198515536547,0.2399522266045138,-7.762393294148082e-07,0.47,0.10090655781324664,-0.12330702887266819,2.8197 -1.1554 1.3957 -1.7830 -1.5706 -1.7923
020000,cola_can,5,5005,collect the can of cola and place it in the basket,1,1,0.8815602691107215,-0.14210550814436806,1.0602941640912664,0.20983032007341257,0.0784058276711343,0.5027764917848385,0.2399522266045138,-7.762393294148082e-07,0.47,0.10495199103944852,-0.11873464553223019,2.8251 -1.1541 1.3965 -1.7900 -1.5705 -1.7953
020000,cola_can,6,5006,grab the can of cola and put it in the basket,1,1,0.8773687233434786,-0.13031750904484266,1.0602941640911006,0.2250815877409339,0.01517748069596497,0.518315772154214,0.2399522266045138,-7.762393294148082e-07,0.47,0.12390541511046882,-0.12242963906303976,2.8204 -1.1523 1.4025 -1.7932 -1.5697 -1.8056
020000,cola_can,7,5007,put the can of cola into the basket,0,0,0.8550388896507713,-0.1492094480229422,1.060294164090218,0.857990598560216,-0.14392863594330255,1.0603253789454523,0.2399522266045138,-7.762393294148082e-07,0.47,0.004421490299190145,-0.1185510861975409,2.8249 -1.1516 1.3875 -1.7938 -1.5708 -1.7808
020000,cola_can,8,5008,collect the can of cola and place it in the basket,1,1,0.8647520937799271,-0.11774549312752046,1.0602941640906018,0.21807181403328524,0.022919559460994204,0.5183253513162431,0.2399522266045138,-7.762393294148082e-07,0.47,0.10989358356070933,-0.12536646164097714,2.8170 -1.1558 1.4043 -1.7958 -1.5706 -1.8134
020000,cola_can,9,5009,take the can of cola and drop it in the basket,1,1,0.8886171223688927,-0.1237846819787691,1.0602941640915455,0.22003393662624243,0.018071484134583544,0.5183271052094225,0.2399522266045138,-7.762393294148082e-07,0.47,0.11237646391138756,-0.11940152529858945,2.8282 -1.1348 1.3760 -1.7910 -1.5701 -1.7958
020000,cola_can,10,5010,grab the can of cola and put it in the basket,1,1,0.8556445982204492,-0.11790554264102862,1.060294164090242,0.21124418168835,-0.03909990568968704,0.5030922427197376,0.2399522266045138,-7.762393294148082e-07,0.47,0.07816560194360256,-0.10078920141027381,2.8273 -1.1859 1.3907 -1.7982 -1.5679 -1.7688
020000,cola_can,11,5011,pick up the can of cola and place it in the basket,1,1,0.8716112802072584,-0.12977032110124845,1.0602941640908732,0.18819420898237454,0.018930905114772797,0.5183108068673815,0.2399522266045138,-7.762393294148082e-07,0.47,0.09421806529007348,-0.12184133689298238,2.8234 -1.1418 1.3784 -1.7882 -1.5703 -1.8051
020000,cola_can,12,5012,grab the can of cola and put it in the basket,1,1,0.9041519758196553,-0.14221689425252998,1.0602941640921595,0.21024785822281103,0.017183129377605612,0.5183286702169703,0.2399522266045138,-7.762393294148082e-07,0.47,0.07919617516600708,-0.13146560497243298,2.8171 -1.1678 1.3689 -1.8195 -1.5715 -1.7865
020000,cola_can,13,5013,grab the can of cola and put it in the basket,1,1,0.8920712235771041,-0.14066920559388682,1.0602941640916819,0.22797938527804354,0.018494661162123133,0.5183101994460427,0.2399522266045138,-7.762393294148082e-07,0.47,0.10218462077709334,-0.13121464798681493,2.8141 -1.1444 1.3774 -1.7810 -1.5704 -1.7842
020000,cola_can,14,5014,take the can of cola and drop it in the basket,1,1,0.89349269966227,-0.12240391507752833,1.060294164091738,0.17105307622310123,0.04419430517985997,0.5027886840016581,0.2399522266045138,-7.762393294148082e-07,0.47,0.11837203692805365,-0.12473342035473163,2.8193 -1.1472 1.3837 -1.7734 -1.5701 -1.7811
020000,cola_can,15,5015,pick the can of cola off the shelf and put it in the basket,1,1,0.8566199652897468,-0.14318110407915663,1.0602941640902805,0.17234225504281542,0.013343577902563707,0.5183297976913641,0.2399522266045138,-7.762393294148082e-07,0.47,0.09312295432573459,-0.12053655332777372,2.8207 -1.1647 1.3956 -1.7828 -1.5703 -1.7911
020000,cola_can,16,5016,collect the can of cola and place it in the basket,1,1,0.9028063486567656,-0.14133387680721482,1.0602941640921062,0.2200524381983903,0.022691567127517666,0.518317958714654,0.2399522266045138,-7.762393294148082e-07,0.47,0.08459350124130927,-0.13884165246015306,2.8072 -1.1689 1.3627 -1.7834 -1.5714 -1.7892
020000,cola_can,17,5017,pick up the can of cola and place it in the basket,1,1,0.8964211806274422,-0.12625913184276777,1.0602941641089438,0.2070359341656884,0.01634460252223057,0.5183276467652976,0.2399522266045138,-7.762393294148082e-07,0.47,0.12132589620522549,-0.11716126376183242,2.8290 -1.1401 1.3735 -1.7831 -1.5696 -1.7952
020000,cola_can,18,5018,take the can of cola and drop it in the basket,1,1,0.8739996439035349,-0.11272133313244939,1.0602941640909676,0.2152930055347098,0.02840768789264802,0.5183268997036594,0.2399522266045138,-7.762393294148082e-07,0.47,0.10903480190495163,-0.11646499049873207,2.8293 -1.1401 1.3750 -1.7782 -1.5698 -1.7655
020000,cola_can,19,5019,grab the can of cola and put it in the basket,1,1,0.8643749467961824,-0.14175106156628423,1.0602941640905872,0.16449431921679702,-0.026619731013831825,0.5028075011837642,0.2399522266045138,-7.762393294148082e-07,0.47,0.10612723421295245,-0.11796404998900367,2.8235 -1.1620 1.4154 -1.8019 -1.5705 -1.7827
020000,water_bottle,0,6000,collect the water bottle and place it in the basket,1,0,0.9041209054391616,0.3389401102410776,1.0848438660151656,0.3050049362752086,0.29245748023906426,0.025620195941724246,0.2399522266045138,-7.762393294148095e-07,0.47,0.08907285682955313,0.3005885933700175,3.2771 -1.0507 1.1569 -1.6390 -1.5705 -1.3220
020000,water_bottle,1,6001,pick the water bottle off the shelf and put it in the basket,1,0,0.893575842399691,0.339413724217704,1.0848438660151656,0.3338238304494736,0.01606018339377271,0.5429406969434687,0.2399522266045138,-7.762393294148095e-07,0.47,0.08496411112370073,0.31235638327952775,3.2907 -1.0564 1.1627 -1.6345 -1.5711 -1.3354
020000,water_bottle,2,6002,put the water bottle into the basket,1,1,0.8755756761160525,0.3302752553011226,1.0848438660151656,0.2960899008390662,0.06691555655438244,0.5382706121916383,0.2399522266045138,-7.762393294148095e-07,0.47,0.10742368898698307,0.31321934230169224,3.2913 -1.0534 1.1725 -1.6395 -1.5706 -1.3295
020000,water_bottle,3,6003,take the water bottle and drop it in the basket,1,0,0.884483793819224,0.3471443325477995,1.0848438660151656,0.33143055761606854,-0.036637692256728846,0.5388783029742124,0.2399522266045138,-7.762393294148095e-07,0.47,0.10083063017548866,0.3146138226778046,3.2934 -1.0562 1.1665 -1.6324 -1.5704 -1.3101
020000,water_bottle,4,6004,pick the water bottle off the shelf and put it in the basket,0,0,0.867075690401742,0.3339849360086041,1.0848438660151656,0.8692721370569262,0.330326563233681,1.0848966378555782,0.2399522266045138,-7.762393294148095e-07,0.47,0.004869473177628425,0.3030799065076449,3.2833 -1.0824 1.1716 -1.6488 -1.5704 -1.3501
020000,water_bottle,5,6005,grab the water bottle and put it in the basket,0,0,0.8595303079147457,0.35441781387103555,1.0848438660151656,0.8594326926624003,0.35443241697489425,1.0848965548875544,0.2399522266045138,-7.762393294148095e-07,0.47,5.816758353116569e-05,0.3059244200209308,3.2839 -1.0555 1.1634 -1.6558 -1.5715 -1.3233
020000,water_bottle,6,6006,pick the water bottle off the shelf and put it in the basket,0,0,0.9041914958377107,0.35793900924218314,1.0848438660151656,0.9026895807818105,0.3532832703029409,1.084893699130809,0.2399522266045138,-7.762393294148095e-07,0.47,0.003988671389934195,0.3158810874780087,3.2946 -1.0629 1.1681 -1.6263 -1.5702 -1.3053
020000,water_bottle,7,6007,grab the water bottle and put it in the basket,0,0,0.8738191181878247,0.3449414619050775,1.0848438660151656,0.8691401210054781,0.43869380569454264,1.0456588775425726,0.2399522266045138,-7.762393294148095e-07,0.47,0.005384222304171349,0.3024320180160668,3.2807 -1.0550 1.1492 -1.6309 -1.5714 -1.3152
020000,water_bottle,8,6008,grab the water bottle and put it in the basket,0,0,0.8625992472211589,0.34621914841878226,1.0848438660151656,0.8602096744058773,0.44121703731507667,1.0456583581196601,0.2399522266045138,-7.762393294148095e-07,0.47,0.008658440836291303,0.3024882113965436,3.2807 -1.0577 1.1637 -1.6289 -1.5713 -1.3036
020000,water_bottle,9,6009,grab the water bottle and put it in the basket,1,1,0.881679584516237,0.3391687052154724,1.0848438660151656,0.25116695165283265,0.06925527582461653,0.5464957496700957,0.2399522266045138,-7.762393294148095e-07,0.47,0.08600855673815633,0.3090845813856218,3.2870 -1.0629 1.1600 -1.6402 -1.5703 -1.3339
020000,water_bottle,10,6010,pick the water bottle off the shelf and put it in the basket,0,0,0.8965540359709412,0.3617408655149852,1.0848438660151656,0.8964564207185961,0.3617554686188442,1.0848965548875544,0.2399522266045138,-7.762393294148095e-07,0.47,5.816758353116569e-05,0.3093464949730538,3.2884 -1.0632 1.1730 -1.6245 -1.5701 -1.3161
020000,water_bottle,11,6011,put the water bottle into the basket,1,1,0.8835126500383532,0.33598051451179317,1.0848438660151656,0.1556981955571002,0.05689311683240257,0.5435979350382792,0.2399522266045138,-7.762393294148095e-07,0.47,0.0766754559808629,0.306848486596503,3.2841 -1.0735 1.1731 -1.6484 -1.5706 -1.3235
020000,water_bottle,12,6012,put the water bottle into the basket,1,1,0.888906362299204,0.3329100901791109,1.0848438660151656,0.2736289688468622,0.04844541348756565,0.5423064138897814,0.2399522266045138,-7.762393294148095e-07,0.47,0.0650733146034963,0.31161724115441913,3.2894 -1.0627 1.1275 -1.6312 -1.5707 -1.3125
020000,water_bottle,13,6013,put the water bottle into the basket,0,0,0.8936163278055489,0.3579298587990566,1.0848438660151656,0.8902025468522979,0.36298141920816324,1.0848934925835325,0.2399522266045138,-7.762393294148095e-07,0.47,0.0007320058989204181,0.30569354570620955,3.2829 -1.0494 1.1723 -1.6452 -1.5709 -1.3314
020000,water_bottle,14,6014,put the water bottle into the basket,1,1,0.9030027613410161,0.3344448210571823,1.0848438660151656,0.20834487047569455,0.05592887600690154,0.5464580760064912,0.2399522266045138,-7.762393294148095e-07,0.47,0.07688074375710219,0.31742630920711024,3.3004 -1.0773 1.1559 -1.6359 -1.5708 -1.3044
020000,water_bottle,15,6015,pick up the water bottle and place it in the basket,1,1,0.8864623749571913,0.32076356950259083,1.0848438660151656,0.216810933893028,0.010586269730754976,0.54480868710117,0.2399522266045138,-7.762393294148095e-07,0.47,0.07100963246884429,0.3023305768474262,3.2829 -1.0796 1.1596 -1.6343 -1.5717 -1.3298
020000,water_bottle,16,6016,put the water bottle into the basket,0,0,0.8762490100955125,0.35784519365356315,1.0848438660151656,0.8470307176601197,0.43699294376058095,1.0456646358942794,0.2399522266045138,-7.762393294148095e-07,0.47,0.005029081775294708,0.30402952667025784,3.2804 -1.0577 1.1680 -1.6449 -1.5707 -1.3037
020000,water_bottle,17,6017,grab the water bottle and put it in the basket,1,0,0.8917204946264397,0.3539630976472238,1.0848438660151656,0.340427237720268,0.3979951766668811,0.025624730378195595,0.2399522266045138,-7.762393294148095e-07,0.47,0.10009567367914873,0.31248046240251215,3.2901 -1.0547 1.1695 -1.6402 -1.5704 -1.3071
020000,water_bottle,18,6018,put the water bottle into the basket,0,0,0.8590573475607802,0.32125019791313136,1.0848438660151656,0.16731708704250078,0.30174608137365067,0.02562176004112256,0.2399522266045138,-7.762393294148095e-07,0.47,0.03871730766024584,0.2979358526819357,3.2869 -1.0977 1.1199 -1.6223 -1.5714 -1.3086
020000,water_bottle,19,6019,collect the water bottle and place it in the basket,0,0,0.8610070702669523,0.34532321349624545,1.0848438660151656,0.8956768029424536,0.4358918062750387,1.0456662599786501,0.2399522266045138,-7.762393294148095e-07,0.47,0.006324093093228456,0.30576071938640714,3.2847 -1.0605 1.1788 -1.6360 -1.5715 -1.3214
020000,milk_carton,0,7000,collect the milk carton and place it in the basket,1,1,0.8963688122595413,-0.23894059295397496,1.0807841105186855,0.22744448790363003,0.022794219737428022,0.543271623715217,0.2399522266045138,-7.762393294148091e-07,0.47,0.06446089735563332,-0.2508584297575171,2.6907 -1.1415 1.2841 -1.7489 -1.5688 -1.9237
020000,milk_carton,1,7001,pick the milk carton off the shelf and put it in the basket,1,1,0.8919360030332666,-0.2539710100450298,1.0807841105186855,0.21474245768266426,0.018321852804742703,0.5392690728235016,0.2399522266045138,-7.762393294148091e-07,0.47,0.058744732184061066,-0.2431678297994123,2.7012 -1.1381 1.2823 -1.7517 -1.5694 -1.9048
020000,milk_carton,2,7002,grab the milk carton and put it in the basket,0,0,0.8910214178214123,-0.2779304236139311,1.0807841105186855,0.881945059060951,-0.37047227771011126,1.0399434073255875,0.2399522266045138,-7.762393294148091e-07,0.47,0.006163346486085297,-0.24625503313709643,2.6921 -1.1447 1.3085 -1.7468 -1.5692 -1.9263
020000,milk_carton,3,7003,grab the milk carton and put it in the basket,1,1,0.8628115483579453,-0.2532998426500792,1.0807841105186855,0.20140548249245338,0.02968644932305654,0.540703753197039,0.2399522266045138,-7.762393294148091e-07,0.47,0.06928727426768466,-0.254143945714066,2.6857 -1.1446 1.2893 -1.7375 -1.5687 -1.8946
020000,milk_carton,4,7004,pick up the milk carton and place it in the basket,1,1,0.8719052015848852,-0.23847752986775533,1.0807841105186886,0.17876921030697984,0.05817750746591646,0.5390555273911409,0.2399522266045138,-7.762393294148091e-07,0.47,0.06604186173184634,-0.24692356108823454,2.6906 -1.1488 1.2972 -1.7526 -1.5680 -1.8681
020000,milk_carton,5,7005,pick up the milk carton and place it in the basket,1,1,0.8994556524201873,-0.2609450254924106,1.0807841105186855,0.2108786433978159,-0.0010792489700772515,0.5416993982621909,0.2399522266045138,-7.762393294148091e-07,0.47,0.08082359418197194,-0.2472737014526693,2.6987 -1.1316 1.2678 -1.7315 -1.5702 -1.8978
020000,milk_carton,6,7006,take the milk carton and drop it in the basket,0,0,0.8902771077635864,-0.280927929971682,1.0807841105186855,0.891298778308118,-0.35696023555461226,1.039968528087135,0.2399522266045138,-7.762393294148091e-07,0.47,0.003380434984769476,-0.24266070715745902,2.7031 -1.1112 1.2816 -1.7298 -1.5699 -1.8947
020000,milk_carton,7,7007,put the milk carton into the basket,1,1,0.895873928655557,-0.2547653664513793,1.0807841105186855,0.22457735461203937,0.020515936692338615,0.5422998653371348,0.2399522266045138,-7.762393294148091e-07,0.47,0.06515913285482311,-0.2522370072044907,2.6893 -1.1462 1.2932 -1.7502 -1.5684 -1.9153
020000,milk_carton,8,7008,pick the milk carton off the shelf and put it in the basket,1,1,0.9027015087909656,-0.2601157244894586,1.0807841105186855,0.22462874764434104,0.00956611279129988,0.5438295699886295,0.2399522266045138,-7.762393294148091e-07,0.47,0.058708406918609235,-0.25641136992615565,2.6893 -1.1265 1.2614 -1.7395 -1.5696 -1.9036
020000,milk_carton,9,7009,grab the milk carton and put it in the basket,1,1,0.8761630093898529,-0.2657028044819068,1.0807841105186855,0.21399515834732472,0.010920455404735872,0.5415351521042133,0.2399522266045138,-7.762393294148091e-07,0.47,0.06076291228923991,-0.24581086687443732,2.6994 -1.1317 1.2744 -1.7430 -1.5694 -1.8788
020000,milk_carton,10,7010,pick the milk carton off the shelf and put it in the basket,1,1,0.8701109691660596,-0.24825719684570244,1.0807841105186855,0.17948484010109003,0.03357241062812723,0.5408898437386478,0.2399522266045138,-7.762393294148091e-07,0.47,0.058640242943269305,-0.24913643720457895,2.6903 -1.1471 1.2926 -1.7537 -1.5687 -1.9147
020000,milk_carton,11,7011,collect the milk carton and place it in the basket,1,1,0.8806652497022245,-0.2573589904539627,1.0807841105186855,0.2054731494772787,0.018926199391069,0.5436862382771745,0.2399522266045138,-7.762393294148091e-07,0.47,0.0645922782715802,-0.2513288471438971,2.6928 -1.1295 1.2684 -1.7398 -1.5687 -1.9101
020000,milk_carton,12,7012,pick the milk carton off the shelf and put it in the basket,1,1,0.8924057084886737,-0.25918237418411727,1.0807841105186855,0.21076156569637472,0.02297956993065019,0.5415583922116731,0.2399522266045138,-7.762393294148091e-07,0.47,0.06581216038104198,-0.2596497790604412,2.6838 -1.1330 1.2725 -1.7370 -1.5689 -1.8965
020000,milk_carton,13,7013,pick up the milk carton and place it in the basket,0,0,0.8918694674311353,-0.2817547969253365,1.0807841105186855,0.8805463375536737,-0.3654543768401114,1.0399840148601571,0.2399522266045138,-7.762393294148091e-07,0.47,0.0048776879382093075,-0.246934269101115,2.6988 -1.1122 1.2850 -1.7366 -1.5697 -1.9260
020000,milk_carton,14,7014,pick up the milk carton and place it in the basket,1,0,0.8910540237584624,-0.26446556320823156,1.0807841105186855,0.5077876034666674,-0.15207202822698673,0.01985816375146449,0.2399522266045138,-7.762393294148091e-07,0.47,0.05519333974013385,-0.2329548537794782,2.7113 -1.1294 1.2841 -1.7417 -1.5698 -1.8945
020000,milk_carton,15,7015,collect the milk carton and place it in the basket,1,1,0.8940806217796278,-0.26682063258900013,1.0807841105186855,0.23954446758610837,0.008011451195008262,0.5437235896538966,0.2399522266045138,-7.762393294148091e-07,0.47,0.06520167883742634,-0.25961030684868974,2.6837 -1.1336 1.2756 -1.7448 -1.5681 -1.9246
020000,milk_carton,16,7016,put the milk carton into the basket,1,1,0.8716944072982507,-0.2453634714270807,1.0807841105186855,0.1823043681817299,0.047586459347022776,0.5390558178839993,0.2399522266045138,-7.762393294148091e-07,0.47,0.06888993990988102,-0.2570758219718817,2.6882 -1.1432 1.2871 -1.7431 -1.5703 -1.9059
020000,milk_carton,17,7017,put the milk carton into the basket,1,1,0.8690638177063306,-0.26680792407865245,1.0807841105186855,0.21506692906058653,-0.0023238037352629193,0.5432825784213828,0.2399522266045138,-7.762393294148091e-07,0.47,0.0691646675096973,-0.24182123034564085,2.6971 -1.1351 1.2822 -1.7457 -1.5688 -1.9198
020000,milk_carton,18,7018,take the milk carton and drop it in the basket,1,1,0.8851319704534371,-0.25855472073398605,1.0807841105186855,0.18531812103106715,-0.039424555760570114,0.5201021163712795,0.2399522266045138,-7.762393294148091e-07,0.47,0.06570417354291358,-0.238880083692926,2.7064 -1.1276 1.2708 -1.7343 -1.5685 -1.8967
020000,milk_carton,19,7019,take the milk carton and drop it in the basket,1,0,0.8840873730190387,-0.26978869206250095,1.0807841105186855,0.26013029316467456,-0.44993999264231993,0.01985828536192848,0.2399522266045138,-7.762393294148091e-07,0.47,0.0650251246200031,-0.24035158972962617,2.7025 -1.1312 1.2954 -1.7504 -1.5686 -1.9183
020000,bread_loaf,0,8000,pick up the loaf of bread and place it in the basket,1,1,0.8746219813820072,0.003226236519858282,1.043193179550833,0.20858435316707397,0.03688710330866992,0.501297386673436,0.2399522266045138,-7.762393294148086e-07,0.47,0.11221002024076943,-0.005641724841180011,2.9484 -1.1413 1.4241 -1.8166 -1.5694 -1.6705
020000,bread_loaf,1,8001,grab the loaf of bread and put it in the basket,0,0,0.8782091024747132,0.021224213690868958,1.043193179550833,0.8788803360315868,0.02654849195594444,1.0432839675619603,0.2399522266045138,-7.762393294148086e-07,0.47,0.0013653603267096415,-0.007691802586316476,2.9438 -1.1480 1.4453 -1.8270 -1.5691 -1.6895
020000,bread_loaf,2,8002,pick up the loaf of bread and place it in the basket,1,1,0.8902334868798544,-0.011693412716367035,1.043193179550833,0.2236060036511124,0.06309474221531555,0.49801509777241587,0.2399522266045138,-7.762393294148086e-07,0.47,0.13305152121780095,-0.006850889451889221,2.9455 -1.1493 1.4360 -1.8208 -1.5692 -1.6495
020000,bread_loaf,3,8003,pick up the loaf of bread and place it in the basket,1,1,0.8638160955225341,0.01311922929569552,1.043193179550833,0.18923456351557122,-0.014961271212968965,0.498042339541514,0.2399522266045138,-7.762393294148086e-07,0.47,0.11020046185255827,0.001203177252831233,2.9484 -1.1678 1.4224 -1.8117 -1.5681 -1.6669
020000,bread_loaf,4,8004,take the loaf of bread and drop it in the basket,1,1,0.8737279874804992,0.00809949543870711,1.043193179550833,0.2821523909442914,0.027905149930517834,0.5013594130768004,0.2399522266045138,-7.762393294148086e-07,0.47,0.1377771926250937,-0.0067460818038743995,2.9477 -1.1354 1.4080 -1.8038 -1.5692 -1.6606
020000,bread_loaf,5,8005,take the loaf of bread and drop it in the basket,1,1,0.8883251141816185,0.002292491928265271,1.043193179550833,0.19415297901911482,0.07497790419297973,0.4980382207214688,0.2399522266045138,-7.762393294148086e-07,0.47,0.1305889810580403,0.001357329008140982,2.9562 -1.1438 1.4219 -1.8162 -1.5696 -1.6593
020000,bread_loaf,6,8006,collect the loaf of bread and place it in the basket,1,0,0.8586282392598662,0.017368892760951056,1.043193179550833,0.14884812528008365,0.10322186803748266,0.5088853649269269,0.2399522266045138,-7.762393294148086e-07,0.47,0.09694097735874063,0.008401713037087427,2.9576 -1.1692 1.4182 -1.8150 -1.5678 -1.6609
020000,bread_loaf,7,8007,put the loaf of bread into the basket,0,0,0.897733274476169,0.015903636900616323,1.043193179550833,0.8662332789858609,0.045634430933048364,1.043287845501723,0.2399522266045138,-7.762393294148086e-07,0.47,0.014977747319331325,0.0003844847713094222,2.9560 -1.1390 1.4126 -1.8130 -1.5695 -1.6575
020000,bread_loaf,8,8008,pick the loaf of bread off the shelf and put it in the basket,1,1,0.8667922915427633,-0.013165385740074599,1.043193179550833,0.22288289881979712,0.02190037420307224,0.5012621818542198,0.2399522266045138,-7.762393294148086e-07,0.47,0.13048237507795202,-0.013021765394438202,2.9388 -1.1495 1.4312 -1.8234 -1.5690 -1.6853
020000,bread_loaf,9,8009,collect the loaf of bread and place it in the basket,1,0,0.8593080450384041,0.0006514063681209888,1.043193179550833,0.13800814342655163,0.05260938053673578,0.5013618889695992,0.2399522266045138,-7.762393294148086e-07,0.47,0.09638651034515267,-0.008733025234743536,2.9416 -1.1642 1.4096 -1.8173 -1.5679 -1.6563
020000,bread_loaf,10,8010,put the loaf of bread into the basket,1,0,0.8993728607687083,-0.002242744376170197,1.043193179550833,0.34280394740346143,-0.00692679781489281,0.5078282437961248,0.2399522266045138,-7.762393294148086e-07,0.47,0.13233440384566753,-0.013500453310408375,2.9412 -1.1335 1.4066 -1.8056 -1.5697 -1.6781
020000,bread_loaf,11,8011,collect the loaf of bread and place it in the basket,0,0,0.8880555986133731,0.021012438212073714,1.043193179550833,0.8928679107052923,0.03204612290764021,1.043286831532672,0.2399522266045138,-7.762393294148086e-07,0.47,0.007205893331278634,-0.008065223561307745,2.9456 -1.1426 1.4204 -1.8191 -1.5692 -1.6605
020000,bread_loaf,12,8012,grab the loaf of bread and put it in the basket,0,0,0.8993568994058095,0.01906026951651909,1.043193179550833,0.8996990430654732,0.018440412046142694,1.0432893755270172,0.2399522266045138,-7.762393294148086e-07,0.47,0.008271845095928265,-0.01416267703142961,2.9371 -1.1521 1.4406 -1.8221 -1.5695 -1.6742
020000,bread_loaf,13,8013,collect the loaf of bread and place it in the basket,1,0,0.8919166957768548,-0.00355762503499011,1.043193179550833,0.1739165698431089,0.08252189819682507,0.5080758516745131,0.2399522266045138,-7.762393294148086e-07,0.47,0.12960378088413482,-0.01281461008836799,2.9403 -1.1456 1.4229 -1.8174 -1.5694 -1.6866
020000,bread_loaf,14,8014,pick up the loaf of bread and place it in the basket,1,1,0.8643146555506145,0.004954567523332187,1.043193179550833,0.20894332991839312,0.021832040868128247,0.5012807580530175,0.2399522266045138,-7.762393294148086e-07,0.47,0.10341286910037573,0.0065395326293069544,2.9569 -1.1678 1.4309 -1.8160 -1.5691 -1.6482
020000,bread_loaf,15,8015,take the loaf of bread and drop it in the basket,1,1,0.902855239203538,0.015414351839533415,1.043193179550833,0.21818936883995887,0.03529958876497423,0.5012961050862836,0.2399522266045138,-7.762393294148086e-07,0.47,0.13048214423719018,0.0030869547619318503,2.9584 -1.1393 1.4237 -1.8179 -1.5699 -1.6639
020000,bread_loaf,16,8016,grab the loaf of bread and put it in the basket,1,1,0.8737287692531139,-0.0023727754503070457,1.043193179550833,0.21954371759719654,0.026936000294667695,0.501284823598693,0.2399522266045138,-7.762393294148086e-07,0.47,0.11732133647820198,-0.008146817647974444,2.9448 -1.1513 1.4308 -1.8175 -1.5697 -1.6864
020000,bread_loaf,17,8017,put the loaf of bread into the basket,1,1,0.883515161882692,-0.006703131962191047,1.043193179550833,0.2238209406816172,0.02448276153457144,0.5012703150014036,0.2399522266045138,-7.762393294148086e-07,0.47,0.11579937650117689,-0.009155301554645856,2.9450 -1.1396 1.4104 -1.8033 -1.5690 -1.6576
020000,bread_loaf,18,8018,collect the loaf of bread and place it in the basket,1,0,0.8625248945620373,0.003932181760066801,1.043193179550833,0.1182033741755771,0.09396993367757632,0.5087511811916824,0.2399522266045138,-7.762393294148086e-07,0.47,0.09671404825888108,-0.0005593596082457473,2.9492 -1.1653 1.4175 -1.8254 -1.5682 -1.6714
020000,bread_loaf,19,8019,collect the loaf of bread and place it in the basket,1,1,0.898730402296927,0.01465150628107198,1.043193179550833,0.3268678046444634,0.03455981562405797,0.5013700200851456,0.2399522266045138,-7.762393294148086e-07,0.47,0.11844063279759953,-0.004335305779857467,2.9491 -1.1431 1.4373 -1.8303 -1.5697 -1.6636
